CRITICAL - 2026-05-28 01:27:45 --> CodeIgniter\Filters\Exceptions\FilterException: "jwt,role" filter must have a matching alias defined.
[Method: GET, Route: usuarios/listar]
in SYSTEMPATH\Filters\Filters.php on line 590.
 1 SYSTEMPATH\Filters\Filters.php(590): CodeIgniter\Filters\Exceptions\FilterException::forNoAlias('jwt,role')
 2 SYSTEMPATH\Filters\Filters.php(641): CodeIgniter\Filters\Filters->enableFilter('jwt,role:ADMINISTRADOR', 'before')
 3 SYSTEMPATH\CodeIgniter.php(453): CodeIgniter\Filters\Filters->enableFilters([...], 'before')
 4 SYSTEMPATH\CodeIgniter.php(340): CodeIgniter\CodeIgniter->handleRequest(null, Object(Config\Cache), false)
 5 SYSTEMPATH\Boot.php(417): CodeIgniter\CodeIgniter->run()
 6 SYSTEMPATH\Boot.php(68): CodeIgniter\Boot::runCodeIgniter(Object(CodeIgniter\CodeIgniter))
 7 FCPATH\index.php(59): CodeIgniter\Boot::bootWeb(Object(Config\Paths))
CRITICAL - 2026-05-28 01:27:46 --> CodeIgniter\Filters\Exceptions\FilterException: "jwt,role" filter must have a matching alias defined.
[Method: GET, Route: usuarios/listar]
in SYSTEMPATH\Filters\Filters.php on line 590.
 1 SYSTEMPATH\Filters\Filters.php(590): CodeIgniter\Filters\Exceptions\FilterException::forNoAlias('jwt,role')
 2 SYSTEMPATH\Filters\Filters.php(641): CodeIgniter\Filters\Filters->enableFilter('jwt,role:ADMINISTRADOR', 'before')
 3 SYSTEMPATH\CodeIgniter.php(453): CodeIgniter\Filters\Filters->enableFilters([...], 'before')
 4 SYSTEMPATH\CodeIgniter.php(340): CodeIgniter\CodeIgniter->handleRequest(null, Object(Config\Cache), false)
 5 SYSTEMPATH\Boot.php(417): CodeIgniter\CodeIgniter->run()
 6 SYSTEMPATH\Boot.php(68): CodeIgniter\Boot::runCodeIgniter(Object(CodeIgniter\CodeIgniter))
 7 FCPATH\index.php(59): CodeIgniter\Boot::bootWeb(Object(Config\Paths))
CRITICAL - 2026-05-28 01:27:49 --> CodeIgniter\Filters\Exceptions\FilterException: "jwt,role" filter must have a matching alias defined.
[Method: GET, Route: usuarios/listar]
in SYSTEMPATH\Filters\Filters.php on line 590.
 1 SYSTEMPATH\Filters\Filters.php(590): CodeIgniter\Filters\Exceptions\FilterException::forNoAlias('jwt,role')
 2 SYSTEMPATH\Filters\Filters.php(641): CodeIgniter\Filters\Filters->enableFilter('jwt,role:ADMINISTRADOR', 'before')
 3 SYSTEMPATH\CodeIgniter.php(453): CodeIgniter\Filters\Filters->enableFilters([...], 'before')
 4 SYSTEMPATH\CodeIgniter.php(340): CodeIgniter\CodeIgniter->handleRequest(null, Object(Config\Cache), false)
 5 SYSTEMPATH\Boot.php(417): CodeIgniter\CodeIgniter->run()
 6 SYSTEMPATH\Boot.php(68): CodeIgniter\Boot::runCodeIgniter(Object(CodeIgniter\CodeIgniter))
 7 FCPATH\index.php(59): CodeIgniter\Boot::bootWeb(Object(Config\Paths))
CRITICAL - 2026-05-28 01:27:58 --> CodeIgniter\Filters\Exceptions\FilterException: "jwt,role" filter must have a matching alias defined.
[Method: GET, Route: usuarios/listar]
in SYSTEMPATH\Filters\Filters.php on line 590.
 1 SYSTEMPATH\Filters\Filters.php(590): CodeIgniter\Filters\Exceptions\FilterException::forNoAlias('jwt,role')
 2 SYSTEMPATH\Filters\Filters.php(641): CodeIgniter\Filters\Filters->enableFilter('jwt,role:ADMINISTRADOR', 'before')
 3 SYSTEMPATH\CodeIgniter.php(453): CodeIgniter\Filters\Filters->enableFilters([...], 'before')
 4 SYSTEMPATH\CodeIgniter.php(340): CodeIgniter\CodeIgniter->handleRequest(null, Object(Config\Cache), false)
 5 SYSTEMPATH\Boot.php(417): CodeIgniter\CodeIgniter->run()
 6 SYSTEMPATH\Boot.php(68): CodeIgniter\Boot::runCodeIgniter(Object(CodeIgniter\CodeIgniter))
 7 FCPATH\index.php(59): CodeIgniter\Boot::bootWeb(Object(Config\Paths))
CRITICAL - 2026-05-28 01:30:52 --> CodeIgniter\Filters\Exceptions\FilterException: "jwt,role" filter must have a matching alias defined.
[Method: GET, Route: usuarios/listar]
in SYSTEMPATH\Filters\Filters.php on line 590.
 1 SYSTEMPATH\Filters\Filters.php(590): CodeIgniter\Filters\Exceptions\FilterException::forNoAlias('jwt,role')
 2 SYSTEMPATH\Filters\Filters.php(641): CodeIgniter\Filters\Filters->enableFilter('jwt,role:ADMINISTRADOR', 'before')
 3 SYSTEMPATH\CodeIgniter.php(453): CodeIgniter\Filters\Filters->enableFilters([...], 'before')
 4 SYSTEMPATH\CodeIgniter.php(340): CodeIgniter\CodeIgniter->handleRequest(null, Object(Config\Cache), false)
 5 SYSTEMPATH\Boot.php(417): CodeIgniter\CodeIgniter->run()
 6 SYSTEMPATH\Boot.php(68): CodeIgniter\Boot::runCodeIgniter(Object(CodeIgniter\CodeIgniter))
 7 FCPATH\index.php(59): CodeIgniter\Boot::bootWeb(Object(Config\Paths))
CRITICAL - 2026-05-28 01:30:53 --> CodeIgniter\Filters\Exceptions\FilterException: "jwt,role" filter must have a matching alias defined.
[Method: GET, Route: usuarios/listar]
in SYSTEMPATH\Filters\Filters.php on line 590.
 1 SYSTEMPATH\Filters\Filters.php(590): CodeIgniter\Filters\Exceptions\FilterException::forNoAlias('jwt,role')
 2 SYSTEMPATH\Filters\Filters.php(641): CodeIgniter\Filters\Filters->enableFilter('jwt,role:ADMINISTRADOR', 'before')
 3 SYSTEMPATH\CodeIgniter.php(453): CodeIgniter\Filters\Filters->enableFilters([...], 'before')
 4 SYSTEMPATH\CodeIgniter.php(340): CodeIgniter\CodeIgniter->handleRequest(null, Object(Config\Cache), false)
 5 SYSTEMPATH\Boot.php(417): CodeIgniter\CodeIgniter->run()
 6 SYSTEMPATH\Boot.php(68): CodeIgniter\Boot::runCodeIgniter(Object(CodeIgniter\CodeIgniter))
 7 FCPATH\index.php(59): CodeIgniter\Boot::bootWeb(Object(Config\Paths))
ERROR - 2026-05-28 01:35:23 --> Unknown column 'ultimo_login' in 'field list'
in SYSTEMPATH\Database\MySQLi\Connection.php on line 300.
 1 SYSTEMPATH\Database\MySQLi\Connection.php(300): mysqli->query('UPDATE `funcionario` SET `ultimo_login` = \'2026-05-28 01:35:23\'
WHERE `funcionario`.`id_funcionario` IN (\'2\')', 0)
 2 SYSTEMPATH\Database\BaseConnection.php(910): CodeIgniter\Database\MySQLi\Connection->execute('UPDATE `funcionario` SET `ultimo_login` = \'2026-05-28 01:35:23\'
WHERE `funcionario`.`id_funcionario` IN (\'2\')')
 3 SYSTEMPATH\Database\BaseConnection.php(827): CodeIgniter\Database\BaseConnection->simpleQuery('UPDATE `funcionario` SET `ultimo_login` = \'2026-05-28 01:35:23\'
WHERE `funcionario`.`id_funcionario` IN (\'2\')')
 4 SYSTEMPATH\Database\BaseBuilder.php(2521): CodeIgniter\Database\BaseConnection->query('UPDATE `funcionario` SET `ultimo_login` = :ultimo_login:
WHERE `funcionario`.`id_funcionario` IN :funcionario.id_funcionario:', [...], false)
 5 SYSTEMPATH\Model.php(406): CodeIgniter\Database\BaseBuilder->update()
 6 SYSTEMPATH\BaseModel.php(1074): CodeIgniter\Model->doUpdate([...], [...])
 7 SYSTEMPATH\Model.php(709): CodeIgniter\BaseModel->update([...], [...])
 8 APPPATH\Controllers\Auth.php(42): CodeIgniter\Model->update('2', [...])
 9 SYSTEMPATH\CodeIgniter.php(951): App\Controllers\Auth->login()
10 SYSTEMPATH\CodeIgniter.php(497): CodeIgniter\CodeIgniter->runController(Object(App\Controllers\Auth))
11 SYSTEMPATH\CodeIgniter.php(340): CodeIgniter\CodeIgniter->handleRequest(null, Object(Config\Cache), false)
12 SYSTEMPATH\Boot.php(417): CodeIgniter\CodeIgniter->run()
13 SYSTEMPATH\Boot.php(68): CodeIgniter\Boot::runCodeIgniter(Object(CodeIgniter\CodeIgniter))
14 FCPATH\index.php(59): CodeIgniter\Boot::bootWeb(Object(Config\Paths))
CRITICAL - 2026-05-28 01:35:23 --> CodeIgniter\Database\Exceptions\DatabaseException: Unknown column 'ultimo_login' in 'field list'
[Method: POST, Route: auth/login]
in SYSTEMPATH\Database\BaseConnection.php on line 865.
 1 SYSTEMPATH\Database\BaseBuilder.php(2521): CodeIgniter\Database\BaseConnection->query('UPDATE `funcionario` SET `ultimo_login` = :ultimo_login:
WHERE `funcionario`.`id_funcionario` IN :funcionario.id_funcionario:', [...], false)
 2 SYSTEMPATH\Model.php(406): CodeIgniter\Database\BaseBuilder->update()
 3 SYSTEMPATH\BaseModel.php(1074): CodeIgniter\Model->doUpdate([...], [...])
 4 SYSTEMPATH\Model.php(709): CodeIgniter\BaseModel->update([...], [...])
 5 APPPATH\Controllers\Auth.php(42): CodeIgniter\Model->update('2', [...])
 6 SYSTEMPATH\CodeIgniter.php(951): App\Controllers\Auth->login()
 7 SYSTEMPATH\CodeIgniter.php(497): CodeIgniter\CodeIgniter->runController(Object(App\Controllers\Auth))
 8 SYSTEMPATH\CodeIgniter.php(340): CodeIgniter\CodeIgniter->handleRequest(null, Object(Config\Cache), false)
 9 SYSTEMPATH\Boot.php(417): CodeIgniter\CodeIgniter->run()
10 SYSTEMPATH\Boot.php(68): CodeIgniter\Boot::runCodeIgniter(Object(CodeIgniter\CodeIgniter))
11 FCPATH\index.php(59): CodeIgniter\Boot::bootWeb(Object(Config\Paths))
CRITICAL - 2026-05-28 01:35:23 --> [Caused by] CodeIgniter\Database\Exceptions\DatabaseException: Unknown column 'ultimo_login' in 'field list'
in SYSTEMPATH\Database\MySQLi\Connection.php on line 310.
 1 SYSTEMPATH\Database\BaseConnection.php(910): CodeIgniter\Database\MySQLi\Connection->execute('UPDATE `funcionario` SET `ultimo_login` = \'2026-05-28 01:35:23\'
WHERE `funcionario`.`id_funcionario` IN (\'2\')')
 2 SYSTEMPATH\Database\BaseConnection.php(827): CodeIgniter\Database\BaseConnection->simpleQuery('UPDATE `funcionario` SET `ultimo_login` = \'2026-05-28 01:35:23\'
WHERE `funcionario`.`id_funcionario` IN (\'2\')')
 3 SYSTEMPATH\Database\BaseBuilder.php(2521): CodeIgniter\Database\BaseConnection->query('UPDATE `funcionario` SET `ultimo_login` = :ultimo_login:
WHERE `funcionario`.`id_funcionario` IN :funcionario.id_funcionario:', [...], false)
 4 SYSTEMPATH\Model.php(406): CodeIgniter\Database\BaseBuilder->update()
 5 SYSTEMPATH\BaseModel.php(1074): CodeIgniter\Model->doUpdate([...], [...])
 6 SYSTEMPATH\Model.php(709): CodeIgniter\BaseModel->update([...], [...])
 7 APPPATH\Controllers\Auth.php(42): CodeIgniter\Model->update('2', [...])
 8 SYSTEMPATH\CodeIgniter.php(951): App\Controllers\Auth->login()
 9 SYSTEMPATH\CodeIgniter.php(497): CodeIgniter\CodeIgniter->runController(Object(App\Controllers\Auth))
10 SYSTEMPATH\CodeIgniter.php(340): CodeIgniter\CodeIgniter->handleRequest(null, Object(Config\Cache), false)
11 SYSTEMPATH\Boot.php(417): CodeIgniter\CodeIgniter->run()
12 SYSTEMPATH\Boot.php(68): CodeIgniter\Boot::runCodeIgniter(Object(CodeIgniter\CodeIgniter))
13 FCPATH\index.php(59): CodeIgniter\Boot::bootWeb(Object(Config\Paths))
CRITICAL - 2026-05-28 01:35:23 --> [Caused by] mysqli_sql_exception: Unknown column 'ultimo_login' in 'field list'
in SYSTEMPATH\Database\MySQLi\Connection.php on line 300.
 1 SYSTEMPATH\Database\MySQLi\Connection.php(300): mysqli->query('UPDATE `funcionario` SET `ultimo_login` = \'2026-05-28 01:35:23\'
WHERE `funcionario`.`id_funcionario` IN (\'2\')', 0)
 2 SYSTEMPATH\Database\BaseConnection.php(910): CodeIgniter\Database\MySQLi\Connection->execute('UPDATE `funcionario` SET `ultimo_login` = \'2026-05-28 01:35:23\'
WHERE `funcionario`.`id_funcionario` IN (\'2\')')
 3 SYSTEMPATH\Database\BaseConnection.php(827): CodeIgniter\Database\BaseConnection->simpleQuery('UPDATE `funcionario` SET `ultimo_login` = \'2026-05-28 01:35:23\'
WHERE `funcionario`.`id_funcionario` IN (\'2\')')
 4 SYSTEMPATH\Database\BaseBuilder.php(2521): CodeIgniter\Database\BaseConnection->query('UPDATE `funcionario` SET `ultimo_login` = :ultimo_login:
WHERE `funcionario`.`id_funcionario` IN :funcionario.id_funcionario:', [...], false)
 5 SYSTEMPATH\Model.php(406): CodeIgniter\Database\BaseBuilder->update()
 6 SYSTEMPATH\BaseModel.php(1074): CodeIgniter\Model->doUpdate([...], [...])
 7 SYSTEMPATH\Model.php(709): CodeIgniter\BaseModel->update([...], [...])
 8 APPPATH\Controllers\Auth.php(42): CodeIgniter\Model->update('2', [...])
 9 SYSTEMPATH\CodeIgniter.php(951): App\Controllers\Auth->login()
10 SYSTEMPATH\CodeIgniter.php(497): CodeIgniter\CodeIgniter->runController(Object(App\Controllers\Auth))
11 SYSTEMPATH\CodeIgniter.php(340): CodeIgniter\CodeIgniter->handleRequest(null, Object(Config\Cache), false)
12 SYSTEMPATH\Boot.php(417): CodeIgniter\CodeIgniter->run()
13 SYSTEMPATH\Boot.php(68): CodeIgniter\Boot::runCodeIgniter(Object(CodeIgniter\CodeIgniter))
14 FCPATH\index.php(59): CodeIgniter\Boot::bootWeb(Object(Config\Paths))
ERROR - 2026-05-28 01:35:26 --> Unknown column 'ultimo_login' in 'field list'
in SYSTEMPATH\Database\MySQLi\Connection.php on line 300.
 1 SYSTEMPATH\Database\MySQLi\Connection.php(300): mysqli->query('UPDATE `funcionario` SET `ultimo_login` = \'2026-05-28 01:35:25\'
WHERE `funcionario`.`id_funcionario` IN (\'2\')', 0)
 2 SYSTEMPATH\Database\BaseConnection.php(910): CodeIgniter\Database\MySQLi\Connection->execute('UPDATE `funcionario` SET `ultimo_login` = \'2026-05-28 01:35:25\'
WHERE `funcionario`.`id_funcionario` IN (\'2\')')
 3 SYSTEMPATH\Database\BaseConnection.php(827): CodeIgniter\Database\BaseConnection->simpleQuery('UPDATE `funcionario` SET `ultimo_login` = \'2026-05-28 01:35:25\'
WHERE `funcionario`.`id_funcionario` IN (\'2\')')
 4 SYSTEMPATH\Database\BaseBuilder.php(2521): CodeIgniter\Database\BaseConnection->query('UPDATE `funcionario` SET `ultimo_login` = :ultimo_login:
WHERE `funcionario`.`id_funcionario` IN :funcionario.id_funcionario:', [...], false)
 5 SYSTEMPATH\Model.php(406): CodeIgniter\Database\BaseBuilder->update()
 6 SYSTEMPATH\BaseModel.php(1074): CodeIgniter\Model->doUpdate([...], [...])
 7 SYSTEMPATH\Model.php(709): CodeIgniter\BaseModel->update([...], [...])
 8 APPPATH\Controllers\Auth.php(42): CodeIgniter\Model->update('2', [...])
 9 SYSTEMPATH\CodeIgniter.php(951): App\Controllers\Auth->login()
10 SYSTEMPATH\CodeIgniter.php(497): CodeIgniter\CodeIgniter->runController(Object(App\Controllers\Auth))
11 SYSTEMPATH\CodeIgniter.php(340): CodeIgniter\CodeIgniter->handleRequest(null, Object(Config\Cache), false)
12 SYSTEMPATH\Boot.php(417): CodeIgniter\CodeIgniter->run()
13 SYSTEMPATH\Boot.php(68): CodeIgniter\Boot::runCodeIgniter(Object(CodeIgniter\CodeIgniter))
14 FCPATH\index.php(59): CodeIgniter\Boot::bootWeb(Object(Config\Paths))
CRITICAL - 2026-05-28 01:35:26 --> CodeIgniter\Database\Exceptions\DatabaseException: Unknown column 'ultimo_login' in 'field list'
[Method: POST, Route: auth/login]
in SYSTEMPATH\Database\BaseConnection.php on line 865.
 1 SYSTEMPATH\Database\BaseBuilder.php(2521): CodeIgniter\Database\BaseConnection->query('UPDATE `funcionario` SET `ultimo_login` = :ultimo_login:
WHERE `funcionario`.`id_funcionario` IN :funcionario.id_funcionario:', [...], false)
 2 SYSTEMPATH\Model.php(406): CodeIgniter\Database\BaseBuilder->update()
 3 SYSTEMPATH\BaseModel.php(1074): CodeIgniter\Model->doUpdate([...], [...])
 4 SYSTEMPATH\Model.php(709): CodeIgniter\BaseModel->update([...], [...])
 5 APPPATH\Controllers\Auth.php(42): CodeIgniter\Model->update('2', [...])
 6 SYSTEMPATH\CodeIgniter.php(951): App\Controllers\Auth->login()
 7 SYSTEMPATH\CodeIgniter.php(497): CodeIgniter\CodeIgniter->runController(Object(App\Controllers\Auth))
 8 SYSTEMPATH\CodeIgniter.php(340): CodeIgniter\CodeIgniter->handleRequest(null, Object(Config\Cache), false)
 9 SYSTEMPATH\Boot.php(417): CodeIgniter\CodeIgniter->run()
10 SYSTEMPATH\Boot.php(68): CodeIgniter\Boot::runCodeIgniter(Object(CodeIgniter\CodeIgniter))
11 FCPATH\index.php(59): CodeIgniter\Boot::bootWeb(Object(Config\Paths))
CRITICAL - 2026-05-28 01:35:26 --> [Caused by] CodeIgniter\Database\Exceptions\DatabaseException: Unknown column 'ultimo_login' in 'field list'
in SYSTEMPATH\Database\MySQLi\Connection.php on line 310.
 1 SYSTEMPATH\Database\BaseConnection.php(910): CodeIgniter\Database\MySQLi\Connection->execute('UPDATE `funcionario` SET `ultimo_login` = \'2026-05-28 01:35:25\'
WHERE `funcionario`.`id_funcionario` IN (\'2\')')
 2 SYSTEMPATH\Database\BaseConnection.php(827): CodeIgniter\Database\BaseConnection->simpleQuery('UPDATE `funcionario` SET `ultimo_login` = \'2026-05-28 01:35:25\'
WHERE `funcionario`.`id_funcionario` IN (\'2\')')
 3 SYSTEMPATH\Database\BaseBuilder.php(2521): CodeIgniter\Database\BaseConnection->query('UPDATE `funcionario` SET `ultimo_login` = :ultimo_login:
WHERE `funcionario`.`id_funcionario` IN :funcionario.id_funcionario:', [...], false)
 4 SYSTEMPATH\Model.php(406): CodeIgniter\Database\BaseBuilder->update()
 5 SYSTEMPATH\BaseModel.php(1074): CodeIgniter\Model->doUpdate([...], [...])
 6 SYSTEMPATH\Model.php(709): CodeIgniter\BaseModel->update([...], [...])
 7 APPPATH\Controllers\Auth.php(42): CodeIgniter\Model->update('2', [...])
 8 SYSTEMPATH\CodeIgniter.php(951): App\Controllers\Auth->login()
 9 SYSTEMPATH\CodeIgniter.php(497): CodeIgniter\CodeIgniter->runController(Object(App\Controllers\Auth))
10 SYSTEMPATH\CodeIgniter.php(340): CodeIgniter\CodeIgniter->handleRequest(null, Object(Config\Cache), false)
11 SYSTEMPATH\Boot.php(417): CodeIgniter\CodeIgniter->run()
12 SYSTEMPATH\Boot.php(68): CodeIgniter\Boot::runCodeIgniter(Object(CodeIgniter\CodeIgniter))
13 FCPATH\index.php(59): CodeIgniter\Boot::bootWeb(Object(Config\Paths))
CRITICAL - 2026-05-28 01:35:26 --> [Caused by] mysqli_sql_exception: Unknown column 'ultimo_login' in 'field list'
in SYSTEMPATH\Database\MySQLi\Connection.php on line 300.
 1 SYSTEMPATH\Database\MySQLi\Connection.php(300): mysqli->query('UPDATE `funcionario` SET `ultimo_login` = \'2026-05-28 01:35:25\'
WHERE `funcionario`.`id_funcionario` IN (\'2\')', 0)
 2 SYSTEMPATH\Database\BaseConnection.php(910): CodeIgniter\Database\MySQLi\Connection->execute('UPDATE `funcionario` SET `ultimo_login` = \'2026-05-28 01:35:25\'
WHERE `funcionario`.`id_funcionario` IN (\'2\')')
 3 SYSTEMPATH\Database\BaseConnection.php(827): CodeIgniter\Database\BaseConnection->simpleQuery('UPDATE `funcionario` SET `ultimo_login` = \'2026-05-28 01:35:25\'
WHERE `funcionario`.`id_funcionario` IN (\'2\')')
 4 SYSTEMPATH\Database\BaseBuilder.php(2521): CodeIgniter\Database\BaseConnection->query('UPDATE `funcionario` SET `ultimo_login` = :ultimo_login:
WHERE `funcionario`.`id_funcionario` IN :funcionario.id_funcionario:', [...], false)
 5 SYSTEMPATH\Model.php(406): CodeIgniter\Database\BaseBuilder->update()
 6 SYSTEMPATH\BaseModel.php(1074): CodeIgniter\Model->doUpdate([...], [...])
 7 SYSTEMPATH\Model.php(709): CodeIgniter\BaseModel->update([...], [...])
 8 APPPATH\Controllers\Auth.php(42): CodeIgniter\Model->update('2', [...])
 9 SYSTEMPATH\CodeIgniter.php(951): App\Controllers\Auth->login()
10 SYSTEMPATH\CodeIgniter.php(497): CodeIgniter\CodeIgniter->runController(Object(App\Controllers\Auth))
11 SYSTEMPATH\CodeIgniter.php(340): CodeIgniter\CodeIgniter->handleRequest(null, Object(Config\Cache), false)
12 SYSTEMPATH\Boot.php(417): CodeIgniter\CodeIgniter->run()
13 SYSTEMPATH\Boot.php(68): CodeIgniter\Boot::runCodeIgniter(Object(CodeIgniter\CodeIgniter))
14 FCPATH\index.php(59): CodeIgniter\Boot::bootWeb(Object(Config\Paths))
ERROR - 2026-05-28 01:37:53 --> Unknown column 'ultimo_login' in 'field list'
in SYSTEMPATH\Database\MySQLi\Connection.php on line 300.
 1 SYSTEMPATH\Database\MySQLi\Connection.php(300): mysqli->query('UPDATE `funcionario` SET `ultimo_login` = \'2026-05-28 01:37:53\'
WHERE `funcionario`.`id_funcionario` IN (\'2\')', 0)
 2 SYSTEMPATH\Database\BaseConnection.php(910): CodeIgniter\Database\MySQLi\Connection->execute('UPDATE `funcionario` SET `ultimo_login` = \'2026-05-28 01:37:53\'
WHERE `funcionario`.`id_funcionario` IN (\'2\')')
 3 SYSTEMPATH\Database\BaseConnection.php(827): CodeIgniter\Database\BaseConnection->simpleQuery('UPDATE `funcionario` SET `ultimo_login` = \'2026-05-28 01:37:53\'
WHERE `funcionario`.`id_funcionario` IN (\'2\')')
 4 SYSTEMPATH\Database\BaseBuilder.php(2521): CodeIgniter\Database\BaseConnection->query('UPDATE `funcionario` SET `ultimo_login` = :ultimo_login:
WHERE `funcionario`.`id_funcionario` IN :funcionario.id_funcionario:', [...], false)
 5 SYSTEMPATH\Model.php(406): CodeIgniter\Database\BaseBuilder->update()
 6 SYSTEMPATH\BaseModel.php(1074): CodeIgniter\Model->doUpdate([...], [...])
 7 SYSTEMPATH\Model.php(709): CodeIgniter\BaseModel->update([...], [...])
 8 APPPATH\Controllers\Auth.php(42): CodeIgniter\Model->update('2', [...])
 9 SYSTEMPATH\CodeIgniter.php(951): App\Controllers\Auth->login()
10 SYSTEMPATH\CodeIgniter.php(497): CodeIgniter\CodeIgniter->runController(Object(App\Controllers\Auth))
11 SYSTEMPATH\CodeIgniter.php(340): CodeIgniter\CodeIgniter->handleRequest(null, Object(Config\Cache), false)
12 SYSTEMPATH\Boot.php(417): CodeIgniter\CodeIgniter->run()
13 SYSTEMPATH\Boot.php(68): CodeIgniter\Boot::runCodeIgniter(Object(CodeIgniter\CodeIgniter))
14 FCPATH\index.php(59): CodeIgniter\Boot::bootWeb(Object(Config\Paths))
CRITICAL - 2026-05-28 01:37:53 --> CodeIgniter\Database\Exceptions\DatabaseException: Unknown column 'ultimo_login' in 'field list'
[Method: POST, Route: auth/login]
in SYSTEMPATH\Database\BaseConnection.php on line 865.
 1 SYSTEMPATH\Database\BaseBuilder.php(2521): CodeIgniter\Database\BaseConnection->query('UPDATE `funcionario` SET `ultimo_login` = :ultimo_login:
WHERE `funcionario`.`id_funcionario` IN :funcionario.id_funcionario:', [...], false)
 2 SYSTEMPATH\Model.php(406): CodeIgniter\Database\BaseBuilder->update()
 3 SYSTEMPATH\BaseModel.php(1074): CodeIgniter\Model->doUpdate([...], [...])
 4 SYSTEMPATH\Model.php(709): CodeIgniter\BaseModel->update([...], [...])
 5 APPPATH\Controllers\Auth.php(42): CodeIgniter\Model->update('2', [...])
 6 SYSTEMPATH\CodeIgniter.php(951): App\Controllers\Auth->login()
 7 SYSTEMPATH\CodeIgniter.php(497): CodeIgniter\CodeIgniter->runController(Object(App\Controllers\Auth))
 8 SYSTEMPATH\CodeIgniter.php(340): CodeIgniter\CodeIgniter->handleRequest(null, Object(Config\Cache), false)
 9 SYSTEMPATH\Boot.php(417): CodeIgniter\CodeIgniter->run()
10 SYSTEMPATH\Boot.php(68): CodeIgniter\Boot::runCodeIgniter(Object(CodeIgniter\CodeIgniter))
11 FCPATH\index.php(59): CodeIgniter\Boot::bootWeb(Object(Config\Paths))
CRITICAL - 2026-05-28 01:37:53 --> [Caused by] CodeIgniter\Database\Exceptions\DatabaseException: Unknown column 'ultimo_login' in 'field list'
in SYSTEMPATH\Database\MySQLi\Connection.php on line 310.
 1 SYSTEMPATH\Database\BaseConnection.php(910): CodeIgniter\Database\MySQLi\Connection->execute('UPDATE `funcionario` SET `ultimo_login` = \'2026-05-28 01:37:53\'
WHERE `funcionario`.`id_funcionario` IN (\'2\')')
 2 SYSTEMPATH\Database\BaseConnection.php(827): CodeIgniter\Database\BaseConnection->simpleQuery('UPDATE `funcionario` SET `ultimo_login` = \'2026-05-28 01:37:53\'
WHERE `funcionario`.`id_funcionario` IN (\'2\')')
 3 SYSTEMPATH\Database\BaseBuilder.php(2521): CodeIgniter\Database\BaseConnection->query('UPDATE `funcionario` SET `ultimo_login` = :ultimo_login:
WHERE `funcionario`.`id_funcionario` IN :funcionario.id_funcionario:', [...], false)
 4 SYSTEMPATH\Model.php(406): CodeIgniter\Database\BaseBuilder->update()
 5 SYSTEMPATH\BaseModel.php(1074): CodeIgniter\Model->doUpdate([...], [...])
 6 SYSTEMPATH\Model.php(709): CodeIgniter\BaseModel->update([...], [...])
 7 APPPATH\Controllers\Auth.php(42): CodeIgniter\Model->update('2', [...])
 8 SYSTEMPATH\CodeIgniter.php(951): App\Controllers\Auth->login()
 9 SYSTEMPATH\CodeIgniter.php(497): CodeIgniter\CodeIgniter->runController(Object(App\Controllers\Auth))
10 SYSTEMPATH\CodeIgniter.php(340): CodeIgniter\CodeIgniter->handleRequest(null, Object(Config\Cache), false)
11 SYSTEMPATH\Boot.php(417): CodeIgniter\CodeIgniter->run()
12 SYSTEMPATH\Boot.php(68): CodeIgniter\Boot::runCodeIgniter(Object(CodeIgniter\CodeIgniter))
13 FCPATH\index.php(59): CodeIgniter\Boot::bootWeb(Object(Config\Paths))
CRITICAL - 2026-05-28 01:37:53 --> [Caused by] mysqli_sql_exception: Unknown column 'ultimo_login' in 'field list'
in SYSTEMPATH\Database\MySQLi\Connection.php on line 300.
 1 SYSTEMPATH\Database\MySQLi\Connection.php(300): mysqli->query('UPDATE `funcionario` SET `ultimo_login` = \'2026-05-28 01:37:53\'
WHERE `funcionario`.`id_funcionario` IN (\'2\')', 0)
 2 SYSTEMPATH\Database\BaseConnection.php(910): CodeIgniter\Database\MySQLi\Connection->execute('UPDATE `funcionario` SET `ultimo_login` = \'2026-05-28 01:37:53\'
WHERE `funcionario`.`id_funcionario` IN (\'2\')')
 3 SYSTEMPATH\Database\BaseConnection.php(827): CodeIgniter\Database\BaseConnection->simpleQuery('UPDATE `funcionario` SET `ultimo_login` = \'2026-05-28 01:37:53\'
WHERE `funcionario`.`id_funcionario` IN (\'2\')')
 4 SYSTEMPATH\Database\BaseBuilder.php(2521): CodeIgniter\Database\BaseConnection->query('UPDATE `funcionario` SET `ultimo_login` = :ultimo_login:
WHERE `funcionario`.`id_funcionario` IN :funcionario.id_funcionario:', [...], false)
 5 SYSTEMPATH\Model.php(406): CodeIgniter\Database\BaseBuilder->update()
 6 SYSTEMPATH\BaseModel.php(1074): CodeIgniter\Model->doUpdate([...], [...])
 7 SYSTEMPATH\Model.php(709): CodeIgniter\BaseModel->update([...], [...])
 8 APPPATH\Controllers\Auth.php(42): CodeIgniter\Model->update('2', [...])
 9 SYSTEMPATH\CodeIgniter.php(951): App\Controllers\Auth->login()
10 SYSTEMPATH\CodeIgniter.php(497): CodeIgniter\CodeIgniter->runController(Object(App\Controllers\Auth))
11 SYSTEMPATH\CodeIgniter.php(340): CodeIgniter\CodeIgniter->handleRequest(null, Object(Config\Cache), false)
12 SYSTEMPATH\Boot.php(417): CodeIgniter\CodeIgniter->run()
13 SYSTEMPATH\Boot.php(68): CodeIgniter\Boot::runCodeIgniter(Object(CodeIgniter\CodeIgniter))
14 FCPATH\index.php(59): CodeIgniter\Boot::bootWeb(Object(Config\Paths))
ERROR - 2026-05-28 01:37:54 --> Unknown column 'ultimo_login' in 'field list'
in SYSTEMPATH\Database\MySQLi\Connection.php on line 300.
 1 SYSTEMPATH\Database\MySQLi\Connection.php(300): mysqli->query('UPDATE `funcionario` SET `ultimo_login` = \'2026-05-28 01:37:54\'
WHERE `funcionario`.`id_funcionario` IN (\'2\')', 0)
 2 SYSTEMPATH\Database\BaseConnection.php(910): CodeIgniter\Database\MySQLi\Connection->execute('UPDATE `funcionario` SET `ultimo_login` = \'2026-05-28 01:37:54\'
WHERE `funcionario`.`id_funcionario` IN (\'2\')')
 3 SYSTEMPATH\Database\BaseConnection.php(827): CodeIgniter\Database\BaseConnection->simpleQuery('UPDATE `funcionario` SET `ultimo_login` = \'2026-05-28 01:37:54\'
WHERE `funcionario`.`id_funcionario` IN (\'2\')')
 4 SYSTEMPATH\Database\BaseBuilder.php(2521): CodeIgniter\Database\BaseConnection->query('UPDATE `funcionario` SET `ultimo_login` = :ultimo_login:
WHERE `funcionario`.`id_funcionario` IN :funcionario.id_funcionario:', [...], false)
 5 SYSTEMPATH\Model.php(406): CodeIgniter\Database\BaseBuilder->update()
 6 SYSTEMPATH\BaseModel.php(1074): CodeIgniter\Model->doUpdate([...], [...])
 7 SYSTEMPATH\Model.php(709): CodeIgniter\BaseModel->update([...], [...])
 8 APPPATH\Controllers\Auth.php(42): CodeIgniter\Model->update('2', [...])
 9 SYSTEMPATH\CodeIgniter.php(951): App\Controllers\Auth->login()
10 SYSTEMPATH\CodeIgniter.php(497): CodeIgniter\CodeIgniter->runController(Object(App\Controllers\Auth))
11 SYSTEMPATH\CodeIgniter.php(340): CodeIgniter\CodeIgniter->handleRequest(null, Object(Config\Cache), false)
12 SYSTEMPATH\Boot.php(417): CodeIgniter\CodeIgniter->run()
13 SYSTEMPATH\Boot.php(68): CodeIgniter\Boot::runCodeIgniter(Object(CodeIgniter\CodeIgniter))
14 FCPATH\index.php(59): CodeIgniter\Boot::bootWeb(Object(Config\Paths))
CRITICAL - 2026-05-28 01:37:54 --> CodeIgniter\Database\Exceptions\DatabaseException: Unknown column 'ultimo_login' in 'field list'
[Method: POST, Route: auth/login]
in SYSTEMPATH\Database\BaseConnection.php on line 865.
 1 SYSTEMPATH\Database\BaseBuilder.php(2521): CodeIgniter\Database\BaseConnection->query('UPDATE `funcionario` SET `ultimo_login` = :ultimo_login:
WHERE `funcionario`.`id_funcionario` IN :funcionario.id_funcionario:', [...], false)
 2 SYSTEMPATH\Model.php(406): CodeIgniter\Database\BaseBuilder->update()
 3 SYSTEMPATH\BaseModel.php(1074): CodeIgniter\Model->doUpdate([...], [...])
 4 SYSTEMPATH\Model.php(709): CodeIgniter\BaseModel->update([...], [...])
 5 APPPATH\Controllers\Auth.php(42): CodeIgniter\Model->update('2', [...])
 6 SYSTEMPATH\CodeIgniter.php(951): App\Controllers\Auth->login()
 7 SYSTEMPATH\CodeIgniter.php(497): CodeIgniter\CodeIgniter->runController(Object(App\Controllers\Auth))
 8 SYSTEMPATH\CodeIgniter.php(340): CodeIgniter\CodeIgniter->handleRequest(null, Object(Config\Cache), false)
 9 SYSTEMPATH\Boot.php(417): CodeIgniter\CodeIgniter->run()
10 SYSTEMPATH\Boot.php(68): CodeIgniter\Boot::runCodeIgniter(Object(CodeIgniter\CodeIgniter))
11 FCPATH\index.php(59): CodeIgniter\Boot::bootWeb(Object(Config\Paths))
CRITICAL - 2026-05-28 01:37:54 --> [Caused by] CodeIgniter\Database\Exceptions\DatabaseException: Unknown column 'ultimo_login' in 'field list'
in SYSTEMPATH\Database\MySQLi\Connection.php on line 310.
 1 SYSTEMPATH\Database\BaseConnection.php(910): CodeIgniter\Database\MySQLi\Connection->execute('UPDATE `funcionario` SET `ultimo_login` = \'2026-05-28 01:37:54\'
WHERE `funcionario`.`id_funcionario` IN (\'2\')')
 2 SYSTEMPATH\Database\BaseConnection.php(827): CodeIgniter\Database\BaseConnection->simpleQuery('UPDATE `funcionario` SET `ultimo_login` = \'2026-05-28 01:37:54\'
WHERE `funcionario`.`id_funcionario` IN (\'2\')')
 3 SYSTEMPATH\Database\BaseBuilder.php(2521): CodeIgniter\Database\BaseConnection->query('UPDATE `funcionario` SET `ultimo_login` = :ultimo_login:
WHERE `funcionario`.`id_funcionario` IN :funcionario.id_funcionario:', [...], false)
 4 SYSTEMPATH\Model.php(406): CodeIgniter\Database\BaseBuilder->update()
 5 SYSTEMPATH\BaseModel.php(1074): CodeIgniter\Model->doUpdate([...], [...])
 6 SYSTEMPATH\Model.php(709): CodeIgniter\BaseModel->update([...], [...])
 7 APPPATH\Controllers\Auth.php(42): CodeIgniter\Model->update('2', [...])
 8 SYSTEMPATH\CodeIgniter.php(951): App\Controllers\Auth->login()
 9 SYSTEMPATH\CodeIgniter.php(497): CodeIgniter\CodeIgniter->runController(Object(App\Controllers\Auth))
10 SYSTEMPATH\CodeIgniter.php(340): CodeIgniter\CodeIgniter->handleRequest(null, Object(Config\Cache), false)
11 SYSTEMPATH\Boot.php(417): CodeIgniter\CodeIgniter->run()
12 SYSTEMPATH\Boot.php(68): CodeIgniter\Boot::runCodeIgniter(Object(CodeIgniter\CodeIgniter))
13 FCPATH\index.php(59): CodeIgniter\Boot::bootWeb(Object(Config\Paths))
CRITICAL - 2026-05-28 01:37:54 --> [Caused by] mysqli_sql_exception: Unknown column 'ultimo_login' in 'field list'
in SYSTEMPATH\Database\MySQLi\Connection.php on line 300.
 1 SYSTEMPATH\Database\MySQLi\Connection.php(300): mysqli->query('UPDATE `funcionario` SET `ultimo_login` = \'2026-05-28 01:37:54\'
WHERE `funcionario`.`id_funcionario` IN (\'2\')', 0)
 2 SYSTEMPATH\Database\BaseConnection.php(910): CodeIgniter\Database\MySQLi\Connection->execute('UPDATE `funcionario` SET `ultimo_login` = \'2026-05-28 01:37:54\'
WHERE `funcionario`.`id_funcionario` IN (\'2\')')
 3 SYSTEMPATH\Database\BaseConnection.php(827): CodeIgniter\Database\BaseConnection->simpleQuery('UPDATE `funcionario` SET `ultimo_login` = \'2026-05-28 01:37:54\'
WHERE `funcionario`.`id_funcionario` IN (\'2\')')
 4 SYSTEMPATH\Database\BaseBuilder.php(2521): CodeIgniter\Database\BaseConnection->query('UPDATE `funcionario` SET `ultimo_login` = :ultimo_login:
WHERE `funcionario`.`id_funcionario` IN :funcionario.id_funcionario:', [...], false)
 5 SYSTEMPATH\Model.php(406): CodeIgniter\Database\BaseBuilder->update()
 6 SYSTEMPATH\BaseModel.php(1074): CodeIgniter\Model->doUpdate([...], [...])
 7 SYSTEMPATH\Model.php(709): CodeIgniter\BaseModel->update([...], [...])
 8 APPPATH\Controllers\Auth.php(42): CodeIgniter\Model->update('2', [...])
 9 SYSTEMPATH\CodeIgniter.php(951): App\Controllers\Auth->login()
10 SYSTEMPATH\CodeIgniter.php(497): CodeIgniter\CodeIgniter->runController(Object(App\Controllers\Auth))
11 SYSTEMPATH\CodeIgniter.php(340): CodeIgniter\CodeIgniter->handleRequest(null, Object(Config\Cache), false)
12 SYSTEMPATH\Boot.php(417): CodeIgniter\CodeIgniter->run()
13 SYSTEMPATH\Boot.php(68): CodeIgniter\Boot::runCodeIgniter(Object(CodeIgniter\CodeIgniter))
14 FCPATH\index.php(59): CodeIgniter\Boot::bootWeb(Object(Config\Paths))
ERROR - 2026-05-28 01:38:32 --> Unknown column 'ultimo_login' in 'field list'
in SYSTEMPATH\Database\MySQLi\Connection.php on line 300.
 1 SYSTEMPATH\Database\MySQLi\Connection.php(300): mysqli->query('UPDATE `funcionario` SET `ultimo_login` = \'2026-05-28 01:38:32\'
WHERE `funcionario`.`id_funcionario` IN (\'2\')', 0)
 2 SYSTEMPATH\Database\BaseConnection.php(910): CodeIgniter\Database\MySQLi\Connection->execute('UPDATE `funcionario` SET `ultimo_login` = \'2026-05-28 01:38:32\'
WHERE `funcionario`.`id_funcionario` IN (\'2\')')
 3 SYSTEMPATH\Database\BaseConnection.php(827): CodeIgniter\Database\BaseConnection->simpleQuery('UPDATE `funcionario` SET `ultimo_login` = \'2026-05-28 01:38:32\'
WHERE `funcionario`.`id_funcionario` IN (\'2\')')
 4 SYSTEMPATH\Database\BaseBuilder.php(2521): CodeIgniter\Database\BaseConnection->query('UPDATE `funcionario` SET `ultimo_login` = :ultimo_login:
WHERE `funcionario`.`id_funcionario` IN :funcionario.id_funcionario:', [...], false)
 5 SYSTEMPATH\Model.php(406): CodeIgniter\Database\BaseBuilder->update()
 6 SYSTEMPATH\BaseModel.php(1074): CodeIgniter\Model->doUpdate([...], [...])
 7 SYSTEMPATH\Model.php(709): CodeIgniter\BaseModel->update([...], [...])
 8 APPPATH\Controllers\Auth.php(42): CodeIgniter\Model->update('2', [...])
 9 SYSTEMPATH\CodeIgniter.php(951): App\Controllers\Auth->login()
10 SYSTEMPATH\CodeIgniter.php(497): CodeIgniter\CodeIgniter->runController(Object(App\Controllers\Auth))
11 SYSTEMPATH\CodeIgniter.php(340): CodeIgniter\CodeIgniter->handleRequest(null, Object(Config\Cache), false)
12 SYSTEMPATH\Boot.php(417): CodeIgniter\CodeIgniter->run()
13 SYSTEMPATH\Boot.php(68): CodeIgniter\Boot::runCodeIgniter(Object(CodeIgniter\CodeIgniter))
14 FCPATH\index.php(59): CodeIgniter\Boot::bootWeb(Object(Config\Paths))
CRITICAL - 2026-05-28 01:38:32 --> CodeIgniter\Database\Exceptions\DatabaseException: Unknown column 'ultimo_login' in 'field list'
[Method: POST, Route: auth/login]
in SYSTEMPATH\Database\BaseConnection.php on line 865.
 1 SYSTEMPATH\Database\BaseBuilder.php(2521): CodeIgniter\Database\BaseConnection->query('UPDATE `funcionario` SET `ultimo_login` = :ultimo_login:
WHERE `funcionario`.`id_funcionario` IN :funcionario.id_funcionario:', [...], false)
 2 SYSTEMPATH\Model.php(406): CodeIgniter\Database\BaseBuilder->update()
 3 SYSTEMPATH\BaseModel.php(1074): CodeIgniter\Model->doUpdate([...], [...])
 4 SYSTEMPATH\Model.php(709): CodeIgniter\BaseModel->update([...], [...])
 5 APPPATH\Controllers\Auth.php(42): CodeIgniter\Model->update('2', [...])
 6 SYSTEMPATH\CodeIgniter.php(951): App\Controllers\Auth->login()
 7 SYSTEMPATH\CodeIgniter.php(497): CodeIgniter\CodeIgniter->runController(Object(App\Controllers\Auth))
 8 SYSTEMPATH\CodeIgniter.php(340): CodeIgniter\CodeIgniter->handleRequest(null, Object(Config\Cache), false)
 9 SYSTEMPATH\Boot.php(417): CodeIgniter\CodeIgniter->run()
10 SYSTEMPATH\Boot.php(68): CodeIgniter\Boot::runCodeIgniter(Object(CodeIgniter\CodeIgniter))
11 FCPATH\index.php(59): CodeIgniter\Boot::bootWeb(Object(Config\Paths))
CRITICAL - 2026-05-28 01:38:32 --> [Caused by] CodeIgniter\Database\Exceptions\DatabaseException: Unknown column 'ultimo_login' in 'field list'
in SYSTEMPATH\Database\MySQLi\Connection.php on line 310.
 1 SYSTEMPATH\Database\BaseConnection.php(910): CodeIgniter\Database\MySQLi\Connection->execute('UPDATE `funcionario` SET `ultimo_login` = \'2026-05-28 01:38:32\'
WHERE `funcionario`.`id_funcionario` IN (\'2\')')
 2 SYSTEMPATH\Database\BaseConnection.php(827): CodeIgniter\Database\BaseConnection->simpleQuery('UPDATE `funcionario` SET `ultimo_login` = \'2026-05-28 01:38:32\'
WHERE `funcionario`.`id_funcionario` IN (\'2\')')
 3 SYSTEMPATH\Database\BaseBuilder.php(2521): CodeIgniter\Database\BaseConnection->query('UPDATE `funcionario` SET `ultimo_login` = :ultimo_login:
WHERE `funcionario`.`id_funcionario` IN :funcionario.id_funcionario:', [...], false)
 4 SYSTEMPATH\Model.php(406): CodeIgniter\Database\BaseBuilder->update()
 5 SYSTEMPATH\BaseModel.php(1074): CodeIgniter\Model->doUpdate([...], [...])
 6 SYSTEMPATH\Model.php(709): CodeIgniter\BaseModel->update([...], [...])
 7 APPPATH\Controllers\Auth.php(42): CodeIgniter\Model->update('2', [...])
 8 SYSTEMPATH\CodeIgniter.php(951): App\Controllers\Auth->login()
 9 SYSTEMPATH\CodeIgniter.php(497): CodeIgniter\CodeIgniter->runController(Object(App\Controllers\Auth))
10 SYSTEMPATH\CodeIgniter.php(340): CodeIgniter\CodeIgniter->handleRequest(null, Object(Config\Cache), false)
11 SYSTEMPATH\Boot.php(417): CodeIgniter\CodeIgniter->run()
12 SYSTEMPATH\Boot.php(68): CodeIgniter\Boot::runCodeIgniter(Object(CodeIgniter\CodeIgniter))
13 FCPATH\index.php(59): CodeIgniter\Boot::bootWeb(Object(Config\Paths))
CRITICAL - 2026-05-28 01:38:32 --> [Caused by] mysqli_sql_exception: Unknown column 'ultimo_login' in 'field list'
in SYSTEMPATH\Database\MySQLi\Connection.php on line 300.
 1 SYSTEMPATH\Database\MySQLi\Connection.php(300): mysqli->query('UPDATE `funcionario` SET `ultimo_login` = \'2026-05-28 01:38:32\'
WHERE `funcionario`.`id_funcionario` IN (\'2\')', 0)
 2 SYSTEMPATH\Database\BaseConnection.php(910): CodeIgniter\Database\MySQLi\Connection->execute('UPDATE `funcionario` SET `ultimo_login` = \'2026-05-28 01:38:32\'
WHERE `funcionario`.`id_funcionario` IN (\'2\')')
 3 SYSTEMPATH\Database\BaseConnection.php(827): CodeIgniter\Database\BaseConnection->simpleQuery('UPDATE `funcionario` SET `ultimo_login` = \'2026-05-28 01:38:32\'
WHERE `funcionario`.`id_funcionario` IN (\'2\')')
 4 SYSTEMPATH\Database\BaseBuilder.php(2521): CodeIgniter\Database\BaseConnection->query('UPDATE `funcionario` SET `ultimo_login` = :ultimo_login:
WHERE `funcionario`.`id_funcionario` IN :funcionario.id_funcionario:', [...], false)
 5 SYSTEMPATH\Model.php(406): CodeIgniter\Database\BaseBuilder->update()
 6 SYSTEMPATH\BaseModel.php(1074): CodeIgniter\Model->doUpdate([...], [...])
 7 SYSTEMPATH\Model.php(709): CodeIgniter\BaseModel->update([...], [...])
 8 APPPATH\Controllers\Auth.php(42): CodeIgniter\Model->update('2', [...])
 9 SYSTEMPATH\CodeIgniter.php(951): App\Controllers\Auth->login()
10 SYSTEMPATH\CodeIgniter.php(497): CodeIgniter\CodeIgniter->runController(Object(App\Controllers\Auth))
11 SYSTEMPATH\CodeIgniter.php(340): CodeIgniter\CodeIgniter->handleRequest(null, Object(Config\Cache), false)
12 SYSTEMPATH\Boot.php(417): CodeIgniter\CodeIgniter->run()
13 SYSTEMPATH\Boot.php(68): CodeIgniter\Boot::runCodeIgniter(Object(CodeIgniter\CodeIgniter))
14 FCPATH\index.php(59): CodeIgniter\Boot::bootWeb(Object(Config\Paths))
ERROR - 2026-05-28 01:38:44 --> Unknown column 'ultimo_login' in 'field list'
in SYSTEMPATH\Database\MySQLi\Connection.php on line 300.
 1 SYSTEMPATH\Database\MySQLi\Connection.php(300): mysqli->query('UPDATE `funcionario` SET `ultimo_login` = \'2026-05-28 01:38:44\'
WHERE `funcionario`.`id_funcionario` IN (\'2\')', 0)
 2 SYSTEMPATH\Database\BaseConnection.php(910): CodeIgniter\Database\MySQLi\Connection->execute('UPDATE `funcionario` SET `ultimo_login` = \'2026-05-28 01:38:44\'
WHERE `funcionario`.`id_funcionario` IN (\'2\')')
 3 SYSTEMPATH\Database\BaseConnection.php(827): CodeIgniter\Database\BaseConnection->simpleQuery('UPDATE `funcionario` SET `ultimo_login` = \'2026-05-28 01:38:44\'
WHERE `funcionario`.`id_funcionario` IN (\'2\')')
 4 SYSTEMPATH\Database\BaseBuilder.php(2521): CodeIgniter\Database\BaseConnection->query('UPDATE `funcionario` SET `ultimo_login` = :ultimo_login:
WHERE `funcionario`.`id_funcionario` IN :funcionario.id_funcionario:', [...], false)
 5 SYSTEMPATH\Model.php(406): CodeIgniter\Database\BaseBuilder->update()
 6 SYSTEMPATH\BaseModel.php(1074): CodeIgniter\Model->doUpdate([...], [...])
 7 SYSTEMPATH\Model.php(709): CodeIgniter\BaseModel->update([...], [...])
 8 APPPATH\Controllers\Auth.php(42): CodeIgniter\Model->update('2', [...])
 9 SYSTEMPATH\CodeIgniter.php(951): App\Controllers\Auth->login()
10 SYSTEMPATH\CodeIgniter.php(497): CodeIgniter\CodeIgniter->runController(Object(App\Controllers\Auth))
11 SYSTEMPATH\CodeIgniter.php(340): CodeIgniter\CodeIgniter->handleRequest(null, Object(Config\Cache), false)
12 SYSTEMPATH\Boot.php(417): CodeIgniter\CodeIgniter->run()
13 SYSTEMPATH\Boot.php(68): CodeIgniter\Boot::runCodeIgniter(Object(CodeIgniter\CodeIgniter))
14 FCPATH\index.php(59): CodeIgniter\Boot::bootWeb(Object(Config\Paths))
CRITICAL - 2026-05-28 01:38:44 --> CodeIgniter\Database\Exceptions\DatabaseException: Unknown column 'ultimo_login' in 'field list'
[Method: POST, Route: auth/login]
in SYSTEMPATH\Database\BaseConnection.php on line 865.
 1 SYSTEMPATH\Database\BaseBuilder.php(2521): CodeIgniter\Database\BaseConnection->query('UPDATE `funcionario` SET `ultimo_login` = :ultimo_login:
WHERE `funcionario`.`id_funcionario` IN :funcionario.id_funcionario:', [...], false)
 2 SYSTEMPATH\Model.php(406): CodeIgniter\Database\BaseBuilder->update()
 3 SYSTEMPATH\BaseModel.php(1074): CodeIgniter\Model->doUpdate([...], [...])
 4 SYSTEMPATH\Model.php(709): CodeIgniter\BaseModel->update([...], [...])
 5 APPPATH\Controllers\Auth.php(42): CodeIgniter\Model->update('2', [...])
 6 SYSTEMPATH\CodeIgniter.php(951): App\Controllers\Auth->login()
 7 SYSTEMPATH\CodeIgniter.php(497): CodeIgniter\CodeIgniter->runController(Object(App\Controllers\Auth))
 8 SYSTEMPATH\CodeIgniter.php(340): CodeIgniter\CodeIgniter->handleRequest(null, Object(Config\Cache), false)
 9 SYSTEMPATH\Boot.php(417): CodeIgniter\CodeIgniter->run()
10 SYSTEMPATH\Boot.php(68): CodeIgniter\Boot::runCodeIgniter(Object(CodeIgniter\CodeIgniter))
11 FCPATH\index.php(59): CodeIgniter\Boot::bootWeb(Object(Config\Paths))
CRITICAL - 2026-05-28 01:38:44 --> [Caused by] CodeIgniter\Database\Exceptions\DatabaseException: Unknown column 'ultimo_login' in 'field list'
in SYSTEMPATH\Database\MySQLi\Connection.php on line 310.
 1 SYSTEMPATH\Database\BaseConnection.php(910): CodeIgniter\Database\MySQLi\Connection->execute('UPDATE `funcionario` SET `ultimo_login` = \'2026-05-28 01:38:44\'
WHERE `funcionario`.`id_funcionario` IN (\'2\')')
 2 SYSTEMPATH\Database\BaseConnection.php(827): CodeIgniter\Database\BaseConnection->simpleQuery('UPDATE `funcionario` SET `ultimo_login` = \'2026-05-28 01:38:44\'
WHERE `funcionario`.`id_funcionario` IN (\'2\')')
 3 SYSTEMPATH\Database\BaseBuilder.php(2521): CodeIgniter\Database\BaseConnection->query('UPDATE `funcionario` SET `ultimo_login` = :ultimo_login:
WHERE `funcionario`.`id_funcionario` IN :funcionario.id_funcionario:', [...], false)
 4 SYSTEMPATH\Model.php(406): CodeIgniter\Database\BaseBuilder->update()
 5 SYSTEMPATH\BaseModel.php(1074): CodeIgniter\Model->doUpdate([...], [...])
 6 SYSTEMPATH\Model.php(709): CodeIgniter\BaseModel->update([...], [...])
 7 APPPATH\Controllers\Auth.php(42): CodeIgniter\Model->update('2', [...])
 8 SYSTEMPATH\CodeIgniter.php(951): App\Controllers\Auth->login()
 9 SYSTEMPATH\CodeIgniter.php(497): CodeIgniter\CodeIgniter->runController(Object(App\Controllers\Auth))
10 SYSTEMPATH\CodeIgniter.php(340): CodeIgniter\CodeIgniter->handleRequest(null, Object(Config\Cache), false)
11 SYSTEMPATH\Boot.php(417): CodeIgniter\CodeIgniter->run()
12 SYSTEMPATH\Boot.php(68): CodeIgniter\Boot::runCodeIgniter(Object(CodeIgniter\CodeIgniter))
13 FCPATH\index.php(59): CodeIgniter\Boot::bootWeb(Object(Config\Paths))
CRITICAL - 2026-05-28 01:38:44 --> [Caused by] mysqli_sql_exception: Unknown column 'ultimo_login' in 'field list'
in SYSTEMPATH\Database\MySQLi\Connection.php on line 300.
 1 SYSTEMPATH\Database\MySQLi\Connection.php(300): mysqli->query('UPDATE `funcionario` SET `ultimo_login` = \'2026-05-28 01:38:44\'
WHERE `funcionario`.`id_funcionario` IN (\'2\')', 0)
 2 SYSTEMPATH\Database\BaseConnection.php(910): CodeIgniter\Database\MySQLi\Connection->execute('UPDATE `funcionario` SET `ultimo_login` = \'2026-05-28 01:38:44\'
WHERE `funcionario`.`id_funcionario` IN (\'2\')')
 3 SYSTEMPATH\Database\BaseConnection.php(827): CodeIgniter\Database\BaseConnection->simpleQuery('UPDATE `funcionario` SET `ultimo_login` = \'2026-05-28 01:38:44\'
WHERE `funcionario`.`id_funcionario` IN (\'2\')')
 4 SYSTEMPATH\Database\BaseBuilder.php(2521): CodeIgniter\Database\BaseConnection->query('UPDATE `funcionario` SET `ultimo_login` = :ultimo_login:
WHERE `funcionario`.`id_funcionario` IN :funcionario.id_funcionario:', [...], false)
 5 SYSTEMPATH\Model.php(406): CodeIgniter\Database\BaseBuilder->update()
 6 SYSTEMPATH\BaseModel.php(1074): CodeIgniter\Model->doUpdate([...], [...])
 7 SYSTEMPATH\Model.php(709): CodeIgniter\BaseModel->update([...], [...])
 8 APPPATH\Controllers\Auth.php(42): CodeIgniter\Model->update('2', [...])
 9 SYSTEMPATH\CodeIgniter.php(951): App\Controllers\Auth->login()
10 SYSTEMPATH\CodeIgniter.php(497): CodeIgniter\CodeIgniter->runController(Object(App\Controllers\Auth))
11 SYSTEMPATH\CodeIgniter.php(340): CodeIgniter\CodeIgniter->handleRequest(null, Object(Config\Cache), false)
12 SYSTEMPATH\Boot.php(417): CodeIgniter\CodeIgniter->run()
13 SYSTEMPATH\Boot.php(68): CodeIgniter\Boot::runCodeIgniter(Object(CodeIgniter\CodeIgniter))
14 FCPATH\index.php(59): CodeIgniter\Boot::bootWeb(Object(Config\Paths))
CRITICAL - 2026-05-28 01:42:13 --> CodeIgniter\Filters\Exceptions\FilterException: "jwt,role" filter must have a matching alias defined.
[Method: GET, Route: usuarios/listar]
in SYSTEMPATH\Filters\Filters.php on line 590.
 1 SYSTEMPATH\Filters\Filters.php(590): CodeIgniter\Filters\Exceptions\FilterException::forNoAlias('jwt,role')
 2 SYSTEMPATH\Filters\Filters.php(641): CodeIgniter\Filters\Filters->enableFilter('jwt,role:PROPRIETARIO', 'before')
 3 SYSTEMPATH\CodeIgniter.php(453): CodeIgniter\Filters\Filters->enableFilters([...], 'before')
 4 SYSTEMPATH\CodeIgniter.php(340): CodeIgniter\CodeIgniter->handleRequest(null, Object(Config\Cache), false)
 5 SYSTEMPATH\Boot.php(417): CodeIgniter\CodeIgniter->run()
 6 SYSTEMPATH\Boot.php(68): CodeIgniter\Boot::runCodeIgniter(Object(CodeIgniter\CodeIgniter))
 7 FCPATH\index.php(59): CodeIgniter\Boot::bootWeb(Object(Config\Paths))
CRITICAL - 2026-05-28 01:42:15 --> CodeIgniter\Filters\Exceptions\FilterException: "jwt,role" filter must have a matching alias defined.
[Method: GET, Route: usuarios/listar]
in SYSTEMPATH\Filters\Filters.php on line 590.
 1 SYSTEMPATH\Filters\Filters.php(590): CodeIgniter\Filters\Exceptions\FilterException::forNoAlias('jwt,role')
 2 SYSTEMPATH\Filters\Filters.php(641): CodeIgniter\Filters\Filters->enableFilter('jwt,role:PROPRIETARIO', 'before')
 3 SYSTEMPATH\CodeIgniter.php(453): CodeIgniter\Filters\Filters->enableFilters([...], 'before')
 4 SYSTEMPATH\CodeIgniter.php(340): CodeIgniter\CodeIgniter->handleRequest(null, Object(Config\Cache), false)
 5 SYSTEMPATH\Boot.php(417): CodeIgniter\CodeIgniter->run()
 6 SYSTEMPATH\Boot.php(68): CodeIgniter\Boot::runCodeIgniter(Object(CodeIgniter\CodeIgniter))
 7 FCPATH\index.php(59): CodeIgniter\Boot::bootWeb(Object(Config\Paths))
CRITICAL - 2026-05-28 01:42:29 --> CodeIgniter\Filters\Exceptions\FilterException: "jwt,role" filter must have a matching alias defined.
[Method: GET, Route: usuarios/listar]
in SYSTEMPATH\Filters\Filters.php on line 590.
 1 SYSTEMPATH\Filters\Filters.php(590): CodeIgniter\Filters\Exceptions\FilterException::forNoAlias('jwt,role')
 2 SYSTEMPATH\Filters\Filters.php(641): CodeIgniter\Filters\Filters->enableFilter('jwt,role:PROPRIETARIO', 'before')
 3 SYSTEMPATH\CodeIgniter.php(453): CodeIgniter\Filters\Filters->enableFilters([...], 'before')
 4 SYSTEMPATH\CodeIgniter.php(340): CodeIgniter\CodeIgniter->handleRequest(null, Object(Config\Cache), false)
 5 SYSTEMPATH\Boot.php(417): CodeIgniter\CodeIgniter->run()
 6 SYSTEMPATH\Boot.php(68): CodeIgniter\Boot::runCodeIgniter(Object(CodeIgniter\CodeIgniter))
 7 FCPATH\index.php(59): CodeIgniter\Boot::bootWeb(Object(Config\Paths))
CRITICAL - 2026-05-28 01:42:30 --> CodeIgniter\Filters\Exceptions\FilterException: "jwt,role" filter must have a matching alias defined.
[Method: GET, Route: usuarios/listar]
in SYSTEMPATH\Filters\Filters.php on line 590.
 1 SYSTEMPATH\Filters\Filters.php(590): CodeIgniter\Filters\Exceptions\FilterException::forNoAlias('jwt,role')
 2 SYSTEMPATH\Filters\Filters.php(641): CodeIgniter\Filters\Filters->enableFilter('jwt,role:PROPRIETARIO', 'before')
 3 SYSTEMPATH\CodeIgniter.php(453): CodeIgniter\Filters\Filters->enableFilters([...], 'before')
 4 SYSTEMPATH\CodeIgniter.php(340): CodeIgniter\CodeIgniter->handleRequest(null, Object(Config\Cache), false)
 5 SYSTEMPATH\Boot.php(417): CodeIgniter\CodeIgniter->run()
 6 SYSTEMPATH\Boot.php(68): CodeIgniter\Boot::runCodeIgniter(Object(CodeIgniter\CodeIgniter))
 7 FCPATH\index.php(59): CodeIgniter\Boot::bootWeb(Object(Config\Paths))
CRITICAL - 2026-05-28 01:42:36 --> CodeIgniter\Filters\Exceptions\FilterException: "jwt,role" filter must have a matching alias defined.
[Method: GET, Route: usuarios/listar]
in SYSTEMPATH\Filters\Filters.php on line 590.
 1 SYSTEMPATH\Filters\Filters.php(590): CodeIgniter\Filters\Exceptions\FilterException::forNoAlias('jwt,role')
 2 SYSTEMPATH\Filters\Filters.php(641): CodeIgniter\Filters\Filters->enableFilter('jwt,role:PROPRIETARIO', 'before')
 3 SYSTEMPATH\CodeIgniter.php(453): CodeIgniter\Filters\Filters->enableFilters([...], 'before')
 4 SYSTEMPATH\CodeIgniter.php(340): CodeIgniter\CodeIgniter->handleRequest(null, Object(Config\Cache), false)
 5 SYSTEMPATH\Boot.php(417): CodeIgniter\CodeIgniter->run()
 6 SYSTEMPATH\Boot.php(68): CodeIgniter\Boot::runCodeIgniter(Object(CodeIgniter\CodeIgniter))
 7 FCPATH\index.php(59): CodeIgniter\Boot::bootWeb(Object(Config\Paths))
CRITICAL - 2026-05-28 01:42:40 --> CodeIgniter\Filters\Exceptions\FilterException: "jwt,role" filter must have a matching alias defined.
[Method: GET, Route: usuarios/listar]
in SYSTEMPATH\Filters\Filters.php on line 590.
 1 SYSTEMPATH\Filters\Filters.php(590): CodeIgniter\Filters\Exceptions\FilterException::forNoAlias('jwt,role')
 2 SYSTEMPATH\Filters\Filters.php(641): CodeIgniter\Filters\Filters->enableFilter('jwt,role:PROPRIETARIO', 'before')
 3 SYSTEMPATH\CodeIgniter.php(453): CodeIgniter\Filters\Filters->enableFilters([...], 'before')
 4 SYSTEMPATH\CodeIgniter.php(340): CodeIgniter\CodeIgniter->handleRequest(null, Object(Config\Cache), false)
 5 SYSTEMPATH\Boot.php(417): CodeIgniter\CodeIgniter->run()
 6 SYSTEMPATH\Boot.php(68): CodeIgniter\Boot::runCodeIgniter(Object(CodeIgniter\CodeIgniter))
 7 FCPATH\index.php(59): CodeIgniter\Boot::bootWeb(Object(Config\Paths))
CRITICAL - 2026-05-28 01:42:41 --> CodeIgniter\Filters\Exceptions\FilterException: "jwt,role" filter must have a matching alias defined.
[Method: GET, Route: usuarios/listar]
in SYSTEMPATH\Filters\Filters.php on line 590.
 1 SYSTEMPATH\Filters\Filters.php(590): CodeIgniter\Filters\Exceptions\FilterException::forNoAlias('jwt,role')
 2 SYSTEMPATH\Filters\Filters.php(641): CodeIgniter\Filters\Filters->enableFilter('jwt,role:PROPRIETARIO', 'before')
 3 SYSTEMPATH\CodeIgniter.php(453): CodeIgniter\Filters\Filters->enableFilters([...], 'before')
 4 SYSTEMPATH\CodeIgniter.php(340): CodeIgniter\CodeIgniter->handleRequest(null, Object(Config\Cache), false)
 5 SYSTEMPATH\Boot.php(417): CodeIgniter\CodeIgniter->run()
 6 SYSTEMPATH\Boot.php(68): CodeIgniter\Boot::runCodeIgniter(Object(CodeIgniter\CodeIgniter))
 7 FCPATH\index.php(59): CodeIgniter\Boot::bootWeb(Object(Config\Paths))
CRITICAL - 2026-05-28 01:42:41 --> CodeIgniter\Filters\Exceptions\FilterException: "jwt,role" filter must have a matching alias defined.
[Method: GET, Route: usuarios/listar]
in SYSTEMPATH\Filters\Filters.php on line 590.
 1 SYSTEMPATH\Filters\Filters.php(590): CodeIgniter\Filters\Exceptions\FilterException::forNoAlias('jwt,role')
 2 SYSTEMPATH\Filters\Filters.php(641): CodeIgniter\Filters\Filters->enableFilter('jwt,role:PROPRIETARIO', 'before')
 3 SYSTEMPATH\CodeIgniter.php(453): CodeIgniter\Filters\Filters->enableFilters([...], 'before')
 4 SYSTEMPATH\CodeIgniter.php(340): CodeIgniter\CodeIgniter->handleRequest(null, Object(Config\Cache), false)
 5 SYSTEMPATH\Boot.php(417): CodeIgniter\CodeIgniter->run()
 6 SYSTEMPATH\Boot.php(68): CodeIgniter\Boot::runCodeIgniter(Object(CodeIgniter\CodeIgniter))
 7 FCPATH\index.php(59): CodeIgniter\Boot::bootWeb(Object(Config\Paths))
CRITICAL - 2026-05-28 01:43:29 --> CodeIgniter\Filters\Exceptions\FilterException: "jwt,role" filter must have a matching alias defined.
[Method: GET, Route: usuarios/listar]
in SYSTEMPATH\Filters\Filters.php on line 590.
 1 SYSTEMPATH\Filters\Filters.php(590): CodeIgniter\Filters\Exceptions\FilterException::forNoAlias('jwt,role')
 2 SYSTEMPATH\Filters\Filters.php(641): CodeIgniter\Filters\Filters->enableFilter('jwt,role:PROPRIETARIO', 'before')
 3 SYSTEMPATH\CodeIgniter.php(453): CodeIgniter\Filters\Filters->enableFilters([...], 'before')
 4 SYSTEMPATH\CodeIgniter.php(340): CodeIgniter\CodeIgniter->handleRequest(null, Object(Config\Cache), false)
 5 SYSTEMPATH\Boot.php(417): CodeIgniter\CodeIgniter->run()
 6 SYSTEMPATH\Boot.php(68): CodeIgniter\Boot::runCodeIgniter(Object(CodeIgniter\CodeIgniter))
 7 FCPATH\index.php(59): CodeIgniter\Boot::bootWeb(Object(Config\Paths))
CRITICAL - 2026-05-28 01:43:39 --> CodeIgniter\Filters\Exceptions\FilterException: "jwt,role" filter must have a matching alias defined.
[Method: GET, Route: usuarios/listar]
in SYSTEMPATH\Filters\Filters.php on line 590.
 1 SYSTEMPATH\Filters\Filters.php(590): CodeIgniter\Filters\Exceptions\FilterException::forNoAlias('jwt,role')
 2 SYSTEMPATH\Filters\Filters.php(641): CodeIgniter\Filters\Filters->enableFilter('jwt,role:PROPRIETARIO', 'before')
 3 SYSTEMPATH\CodeIgniter.php(453): CodeIgniter\Filters\Filters->enableFilters([...], 'before')
 4 SYSTEMPATH\CodeIgniter.php(340): CodeIgniter\CodeIgniter->handleRequest(null, Object(Config\Cache), false)
 5 SYSTEMPATH\Boot.php(417): CodeIgniter\CodeIgniter->run()
 6 SYSTEMPATH\Boot.php(68): CodeIgniter\Boot::runCodeIgniter(Object(CodeIgniter\CodeIgniter))
 7 FCPATH\index.php(59): CodeIgniter\Boot::bootWeb(Object(Config\Paths))
CRITICAL - 2026-05-28 01:43:40 --> CodeIgniter\Filters\Exceptions\FilterException: "jwt,role" filter must have a matching alias defined.
[Method: GET, Route: usuarios/listar]
in SYSTEMPATH\Filters\Filters.php on line 590.
 1 SYSTEMPATH\Filters\Filters.php(590): CodeIgniter\Filters\Exceptions\FilterException::forNoAlias('jwt,role')
 2 SYSTEMPATH\Filters\Filters.php(641): CodeIgniter\Filters\Filters->enableFilter('jwt,role:PROPRIETARIO', 'before')
 3 SYSTEMPATH\CodeIgniter.php(453): CodeIgniter\Filters\Filters->enableFilters([...], 'before')
 4 SYSTEMPATH\CodeIgniter.php(340): CodeIgniter\CodeIgniter->handleRequest(null, Object(Config\Cache), false)
 5 SYSTEMPATH\Boot.php(417): CodeIgniter\CodeIgniter->run()
 6 SYSTEMPATH\Boot.php(68): CodeIgniter\Boot::runCodeIgniter(Object(CodeIgniter\CodeIgniter))
 7 FCPATH\index.php(59): CodeIgniter\Boot::bootWeb(Object(Config\Paths))
CRITICAL - 2026-05-28 01:43:53 --> CodeIgniter\Filters\Exceptions\FilterException: "jwt,role" filter must have a matching alias defined.
[Method: GET, Route: usuarios/listar]
in SYSTEMPATH\Filters\Filters.php on line 590.
 1 SYSTEMPATH\Filters\Filters.php(590): CodeIgniter\Filters\Exceptions\FilterException::forNoAlias('jwt,role')
 2 SYSTEMPATH\Filters\Filters.php(641): CodeIgniter\Filters\Filters->enableFilter('jwt,role:PROPRIETARIO', 'before')
 3 SYSTEMPATH\CodeIgniter.php(453): CodeIgniter\Filters\Filters->enableFilters([...], 'before')
 4 SYSTEMPATH\CodeIgniter.php(340): CodeIgniter\CodeIgniter->handleRequest(null, Object(Config\Cache), false)
 5 SYSTEMPATH\Boot.php(417): CodeIgniter\CodeIgniter->run()
 6 SYSTEMPATH\Boot.php(68): CodeIgniter\Boot::runCodeIgniter(Object(CodeIgniter\CodeIgniter))
 7 FCPATH\index.php(59): CodeIgniter\Boot::bootWeb(Object(Config\Paths))
CRITICAL - 2026-05-28 01:43:54 --> CodeIgniter\Filters\Exceptions\FilterException: "jwt,role" filter must have a matching alias defined.
[Method: GET, Route: usuarios/listar]
in SYSTEMPATH\Filters\Filters.php on line 590.
 1 SYSTEMPATH\Filters\Filters.php(590): CodeIgniter\Filters\Exceptions\FilterException::forNoAlias('jwt,role')
 2 SYSTEMPATH\Filters\Filters.php(641): CodeIgniter\Filters\Filters->enableFilter('jwt,role:PROPRIETARIO', 'before')
 3 SYSTEMPATH\CodeIgniter.php(453): CodeIgniter\Filters\Filters->enableFilters([...], 'before')
 4 SYSTEMPATH\CodeIgniter.php(340): CodeIgniter\CodeIgniter->handleRequest(null, Object(Config\Cache), false)
 5 SYSTEMPATH\Boot.php(417): CodeIgniter\CodeIgniter->run()
 6 SYSTEMPATH\Boot.php(68): CodeIgniter\Boot::runCodeIgniter(Object(CodeIgniter\CodeIgniter))
 7 FCPATH\index.php(59): CodeIgniter\Boot::bootWeb(Object(Config\Paths))
CRITICAL - 2026-05-28 01:46:18 --> CodeIgniter\Filters\Exceptions\FilterException: "jwt,role" filter must have a matching alias defined.
[Method: GET, Route: usuarios/listar]
in SYSTEMPATH\Filters\Filters.php on line 590.
 1 SYSTEMPATH\Filters\Filters.php(590): CodeIgniter\Filters\Exceptions\FilterException::forNoAlias('jwt,role')
 2 SYSTEMPATH\Filters\Filters.php(641): CodeIgniter\Filters\Filters->enableFilter('jwt,role:PROPRIETARIO', 'before')
 3 SYSTEMPATH\CodeIgniter.php(453): CodeIgniter\Filters\Filters->enableFilters([...], 'before')
 4 SYSTEMPATH\CodeIgniter.php(340): CodeIgniter\CodeIgniter->handleRequest(null, Object(Config\Cache), false)
 5 SYSTEMPATH\Boot.php(417): CodeIgniter\CodeIgniter->run()
 6 SYSTEMPATH\Boot.php(68): CodeIgniter\Boot::runCodeIgniter(Object(CodeIgniter\CodeIgniter))
 7 FCPATH\index.php(59): CodeIgniter\Boot::bootWeb(Object(Config\Paths))
CRITICAL - 2026-05-28 01:46:19 --> CodeIgniter\Filters\Exceptions\FilterException: "jwt,role" filter must have a matching alias defined.
[Method: GET, Route: usuarios/listar]
in SYSTEMPATH\Filters\Filters.php on line 590.
 1 SYSTEMPATH\Filters\Filters.php(590): CodeIgniter\Filters\Exceptions\FilterException::forNoAlias('jwt,role')
 2 SYSTEMPATH\Filters\Filters.php(641): CodeIgniter\Filters\Filters->enableFilter('jwt,role:PROPRIETARIO', 'before')
 3 SYSTEMPATH\CodeIgniter.php(453): CodeIgniter\Filters\Filters->enableFilters([...], 'before')
 4 SYSTEMPATH\CodeIgniter.php(340): CodeIgniter\CodeIgniter->handleRequest(null, Object(Config\Cache), false)
 5 SYSTEMPATH\Boot.php(417): CodeIgniter\CodeIgniter->run()
 6 SYSTEMPATH\Boot.php(68): CodeIgniter\Boot::runCodeIgniter(Object(CodeIgniter\CodeIgniter))
 7 FCPATH\index.php(59): CodeIgniter\Boot::bootWeb(Object(Config\Paths))
CRITICAL - 2026-05-28 01:47:20 --> CodeIgniter\Filters\Exceptions\FilterException: "jwt,role" filter must have a matching alias defined.
[Method: GET, Route: usuarios/listar]
in SYSTEMPATH\Filters\Filters.php on line 590.
 1 SYSTEMPATH\Filters\Filters.php(590): CodeIgniter\Filters\Exceptions\FilterException::forNoAlias('jwt,role')
 2 SYSTEMPATH\Filters\Filters.php(641): CodeIgniter\Filters\Filters->enableFilter('jwt,role:PROPRIETARIO', 'before')
 3 SYSTEMPATH\CodeIgniter.php(453): CodeIgniter\Filters\Filters->enableFilters([...], 'before')
 4 SYSTEMPATH\CodeIgniter.php(340): CodeIgniter\CodeIgniter->handleRequest(null, Object(Config\Cache), false)
 5 SYSTEMPATH\Boot.php(417): CodeIgniter\CodeIgniter->run()
 6 SYSTEMPATH\Boot.php(68): CodeIgniter\Boot::runCodeIgniter(Object(CodeIgniter\CodeIgniter))
 7 FCPATH\index.php(59): CodeIgniter\Boot::bootWeb(Object(Config\Paths))
CRITICAL - 2026-05-28 01:47:26 --> CodeIgniter\Filters\Exceptions\FilterException: "jwt,role" filter must have a matching alias defined.
[Method: GET, Route: usuarios/listar]
in SYSTEMPATH\Filters\Filters.php on line 590.
 1 SYSTEMPATH\Filters\Filters.php(590): CodeIgniter\Filters\Exceptions\FilterException::forNoAlias('jwt,role')
 2 SYSTEMPATH\Filters\Filters.php(641): CodeIgniter\Filters\Filters->enableFilter('jwt,role:PROPRIETARIO', 'before')
 3 SYSTEMPATH\CodeIgniter.php(453): CodeIgniter\Filters\Filters->enableFilters([...], 'before')
 4 SYSTEMPATH\CodeIgniter.php(340): CodeIgniter\CodeIgniter->handleRequest(null, Object(Config\Cache), false)
 5 SYSTEMPATH\Boot.php(417): CodeIgniter\CodeIgniter->run()
 6 SYSTEMPATH\Boot.php(68): CodeIgniter\Boot::runCodeIgniter(Object(CodeIgniter\CodeIgniter))
 7 FCPATH\index.php(59): CodeIgniter\Boot::bootWeb(Object(Config\Paths))
CRITICAL - 2026-05-28 01:47:27 --> CodeIgniter\Filters\Exceptions\FilterException: "jwt,role" filter must have a matching alias defined.
[Method: GET, Route: usuarios/listar]
in SYSTEMPATH\Filters\Filters.php on line 590.
 1 SYSTEMPATH\Filters\Filters.php(590): CodeIgniter\Filters\Exceptions\FilterException::forNoAlias('jwt,role')
 2 SYSTEMPATH\Filters\Filters.php(641): CodeIgniter\Filters\Filters->enableFilter('jwt,role:PROPRIETARIO', 'before')
 3 SYSTEMPATH\CodeIgniter.php(453): CodeIgniter\Filters\Filters->enableFilters([...], 'before')
 4 SYSTEMPATH\CodeIgniter.php(340): CodeIgniter\CodeIgniter->handleRequest(null, Object(Config\Cache), false)
 5 SYSTEMPATH\Boot.php(417): CodeIgniter\CodeIgniter->run()
 6 SYSTEMPATH\Boot.php(68): CodeIgniter\Boot::runCodeIgniter(Object(CodeIgniter\CodeIgniter))
 7 FCPATH\index.php(59): CodeIgniter\Boot::bootWeb(Object(Config\Paths))
CRITICAL - 2026-05-28 01:47:34 --> CodeIgniter\Filters\Exceptions\FilterException: "jwt,role" filter must have a matching alias defined.
[Method: GET, Route: usuarios/listar]
in SYSTEMPATH\Filters\Filters.php on line 590.
 1 SYSTEMPATH\Filters\Filters.php(590): CodeIgniter\Filters\Exceptions\FilterException::forNoAlias('jwt,role')
 2 SYSTEMPATH\Filters\Filters.php(641): CodeIgniter\Filters\Filters->enableFilter('jwt,role:PROPRIETARIO', 'before')
 3 SYSTEMPATH\CodeIgniter.php(453): CodeIgniter\Filters\Filters->enableFilters([...], 'before')
 4 SYSTEMPATH\CodeIgniter.php(340): CodeIgniter\CodeIgniter->handleRequest(null, Object(Config\Cache), false)
 5 SYSTEMPATH\Boot.php(417): CodeIgniter\CodeIgniter->run()
 6 SYSTEMPATH\Boot.php(68): CodeIgniter\Boot::runCodeIgniter(Object(CodeIgniter\CodeIgniter))
 7 FCPATH\index.php(59): CodeIgniter\Boot::bootWeb(Object(Config\Paths))
CRITICAL - 2026-05-28 01:48:19 --> CodeIgniter\Filters\Exceptions\FilterException: "jwt,role" filter must have a matching alias defined.
[Method: GET, Route: usuarios/listar]
in SYSTEMPATH\Filters\Filters.php on line 590.
 1 SYSTEMPATH\Filters\Filters.php(590): CodeIgniter\Filters\Exceptions\FilterException::forNoAlias('jwt,role')
 2 SYSTEMPATH\Filters\Filters.php(641): CodeIgniter\Filters\Filters->enableFilter('jwt,role:PROPRIETARIO', 'before')
 3 SYSTEMPATH\CodeIgniter.php(453): CodeIgniter\Filters\Filters->enableFilters([...], 'before')
 4 SYSTEMPATH\CodeIgniter.php(340): CodeIgniter\CodeIgniter->handleRequest(null, Object(Config\Cache), false)
 5 SYSTEMPATH\Boot.php(417): CodeIgniter\CodeIgniter->run()
 6 SYSTEMPATH\Boot.php(68): CodeIgniter\Boot::runCodeIgniter(Object(CodeIgniter\CodeIgniter))
 7 FCPATH\index.php(59): CodeIgniter\Boot::bootWeb(Object(Config\Paths))
CRITICAL - 2026-05-28 01:48:19 --> CodeIgniter\Filters\Exceptions\FilterException: "jwt,role" filter must have a matching alias defined.
[Method: GET, Route: usuarios/listar]
in SYSTEMPATH\Filters\Filters.php on line 590.
 1 SYSTEMPATH\Filters\Filters.php(590): CodeIgniter\Filters\Exceptions\FilterException::forNoAlias('jwt,role')
 2 SYSTEMPATH\Filters\Filters.php(641): CodeIgniter\Filters\Filters->enableFilter('jwt,role:PROPRIETARIO', 'before')
 3 SYSTEMPATH\CodeIgniter.php(453): CodeIgniter\Filters\Filters->enableFilters([...], 'before')
 4 SYSTEMPATH\CodeIgniter.php(340): CodeIgniter\CodeIgniter->handleRequest(null, Object(Config\Cache), false)
 5 SYSTEMPATH\Boot.php(417): CodeIgniter\CodeIgniter->run()
 6 SYSTEMPATH\Boot.php(68): CodeIgniter\Boot::runCodeIgniter(Object(CodeIgniter\CodeIgniter))
 7 FCPATH\index.php(59): CodeIgniter\Boot::bootWeb(Object(Config\Paths))
CRITICAL - 2026-05-28 01:48:20 --> CodeIgniter\Filters\Exceptions\FilterException: "jwt,role" filter must have a matching alias defined.
[Method: GET, Route: usuarios/listar]
in SYSTEMPATH\Filters\Filters.php on line 590.
 1 SYSTEMPATH\Filters\Filters.php(590): CodeIgniter\Filters\Exceptions\FilterException::forNoAlias('jwt,role')
 2 SYSTEMPATH\Filters\Filters.php(641): CodeIgniter\Filters\Filters->enableFilter('jwt,role:PROPRIETARIO', 'before')
 3 SYSTEMPATH\CodeIgniter.php(453): CodeIgniter\Filters\Filters->enableFilters([...], 'before')
 4 SYSTEMPATH\CodeIgniter.php(340): CodeIgniter\CodeIgniter->handleRequest(null, Object(Config\Cache), false)
 5 SYSTEMPATH\Boot.php(417): CodeIgniter\CodeIgniter->run()
 6 SYSTEMPATH\Boot.php(68): CodeIgniter\Boot::runCodeIgniter(Object(CodeIgniter\CodeIgniter))
 7 FCPATH\index.php(59): CodeIgniter\Boot::bootWeb(Object(Config\Paths))
CRITICAL - 2026-05-28 01:48:24 --> CodeIgniter\Filters\Exceptions\FilterException: "jwt,role" filter must have a matching alias defined.
[Method: GET, Route: usuarios/listar]
in SYSTEMPATH\Filters\Filters.php on line 590.
 1 SYSTEMPATH\Filters\Filters.php(590): CodeIgniter\Filters\Exceptions\FilterException::forNoAlias('jwt,role')
 2 SYSTEMPATH\Filters\Filters.php(641): CodeIgniter\Filters\Filters->enableFilter('jwt,role:PROPRIETARIO', 'before')
 3 SYSTEMPATH\CodeIgniter.php(453): CodeIgniter\Filters\Filters->enableFilters([...], 'before')
 4 SYSTEMPATH\CodeIgniter.php(340): CodeIgniter\CodeIgniter->handleRequest(null, Object(Config\Cache), false)
 5 SYSTEMPATH\Boot.php(417): CodeIgniter\CodeIgniter->run()
 6 SYSTEMPATH\Boot.php(68): CodeIgniter\Boot::runCodeIgniter(Object(CodeIgniter\CodeIgniter))
 7 FCPATH\index.php(59): CodeIgniter\Boot::bootWeb(Object(Config\Paths))
CRITICAL - 2026-05-28 01:48:25 --> CodeIgniter\Filters\Exceptions\FilterException: "jwt,role" filter must have a matching alias defined.
[Method: GET, Route: usuarios/listar]
in SYSTEMPATH\Filters\Filters.php on line 590.
 1 SYSTEMPATH\Filters\Filters.php(590): CodeIgniter\Filters\Exceptions\FilterException::forNoAlias('jwt,role')
 2 SYSTEMPATH\Filters\Filters.php(641): CodeIgniter\Filters\Filters->enableFilter('jwt,role:PROPRIETARIO', 'before')
 3 SYSTEMPATH\CodeIgniter.php(453): CodeIgniter\Filters\Filters->enableFilters([...], 'before')
 4 SYSTEMPATH\CodeIgniter.php(340): CodeIgniter\CodeIgniter->handleRequest(null, Object(Config\Cache), false)
 5 SYSTEMPATH\Boot.php(417): CodeIgniter\CodeIgniter->run()
 6 SYSTEMPATH\Boot.php(68): CodeIgniter\Boot::runCodeIgniter(Object(CodeIgniter\CodeIgniter))
 7 FCPATH\index.php(59): CodeIgniter\Boot::bootWeb(Object(Config\Paths))
CRITICAL - 2026-05-28 01:48:34 --> CodeIgniter\Filters\Exceptions\FilterException: "jwt,role" filter must have a matching alias defined.
[Method: GET, Route: usuarios/listar]
in SYSTEMPATH\Filters\Filters.php on line 590.
 1 SYSTEMPATH\Filters\Filters.php(590): CodeIgniter\Filters\Exceptions\FilterException::forNoAlias('jwt,role')
 2 SYSTEMPATH\Filters\Filters.php(641): CodeIgniter\Filters\Filters->enableFilter('jwt,role:PROPRIETARIO', 'before')
 3 SYSTEMPATH\CodeIgniter.php(453): CodeIgniter\Filters\Filters->enableFilters([...], 'before')
 4 SYSTEMPATH\CodeIgniter.php(340): CodeIgniter\CodeIgniter->handleRequest(null, Object(Config\Cache), false)
 5 SYSTEMPATH\Boot.php(417): CodeIgniter\CodeIgniter->run()
 6 SYSTEMPATH\Boot.php(68): CodeIgniter\Boot::runCodeIgniter(Object(CodeIgniter\CodeIgniter))
 7 FCPATH\index.php(59): CodeIgniter\Boot::bootWeb(Object(Config\Paths))
CRITICAL - 2026-05-28 01:48:34 --> CodeIgniter\Filters\Exceptions\FilterException: "jwt,role" filter must have a matching alias defined.
[Method: GET, Route: usuarios/listar]
in SYSTEMPATH\Filters\Filters.php on line 590.
 1 SYSTEMPATH\Filters\Filters.php(590): CodeIgniter\Filters\Exceptions\FilterException::forNoAlias('jwt,role')
 2 SYSTEMPATH\Filters\Filters.php(641): CodeIgniter\Filters\Filters->enableFilter('jwt,role:PROPRIETARIO', 'before')
 3 SYSTEMPATH\CodeIgniter.php(453): CodeIgniter\Filters\Filters->enableFilters([...], 'before')
 4 SYSTEMPATH\CodeIgniter.php(340): CodeIgniter\CodeIgniter->handleRequest(null, Object(Config\Cache), false)
 5 SYSTEMPATH\Boot.php(417): CodeIgniter\CodeIgniter->run()
 6 SYSTEMPATH\Boot.php(68): CodeIgniter\Boot::runCodeIgniter(Object(CodeIgniter\CodeIgniter))
 7 FCPATH\index.php(59): CodeIgniter\Boot::bootWeb(Object(Config\Paths))
CRITICAL - 2026-05-28 01:48:41 --> CodeIgniter\Filters\Exceptions\FilterException: "jwt,role" filter must have a matching alias defined.
[Method: GET, Route: usuarios/listar]
in SYSTEMPATH\Filters\Filters.php on line 590.
 1 SYSTEMPATH\Filters\Filters.php(590): CodeIgniter\Filters\Exceptions\FilterException::forNoAlias('jwt,role')
 2 SYSTEMPATH\Filters\Filters.php(641): CodeIgniter\Filters\Filters->enableFilter('jwt,role:PROPRIETARIO', 'before')
 3 SYSTEMPATH\CodeIgniter.php(453): CodeIgniter\Filters\Filters->enableFilters([...], 'before')
 4 SYSTEMPATH\CodeIgniter.php(340): CodeIgniter\CodeIgniter->handleRequest(null, Object(Config\Cache), false)
 5 SYSTEMPATH\Boot.php(417): CodeIgniter\CodeIgniter->run()
 6 SYSTEMPATH\Boot.php(68): CodeIgniter\Boot::runCodeIgniter(Object(CodeIgniter\CodeIgniter))
 7 FCPATH\index.php(59): CodeIgniter\Boot::bootWeb(Object(Config\Paths))
CRITICAL - 2026-05-28 01:48:48 --> CodeIgniter\Filters\Exceptions\FilterException: "jwt,role" filter must have a matching alias defined.
[Method: GET, Route: usuarios/listar]
in SYSTEMPATH\Filters\Filters.php on line 590.
 1 SYSTEMPATH\Filters\Filters.php(590): CodeIgniter\Filters\Exceptions\FilterException::forNoAlias('jwt,role')
 2 SYSTEMPATH\Filters\Filters.php(641): CodeIgniter\Filters\Filters->enableFilter('jwt,role:PROPRIETARIO', 'before')
 3 SYSTEMPATH\CodeIgniter.php(453): CodeIgniter\Filters\Filters->enableFilters([...], 'before')
 4 SYSTEMPATH\CodeIgniter.php(340): CodeIgniter\CodeIgniter->handleRequest(null, Object(Config\Cache), false)
 5 SYSTEMPATH\Boot.php(417): CodeIgniter\CodeIgniter->run()
 6 SYSTEMPATH\Boot.php(68): CodeIgniter\Boot::runCodeIgniter(Object(CodeIgniter\CodeIgniter))
 7 FCPATH\index.php(59): CodeIgniter\Boot::bootWeb(Object(Config\Paths))
CRITICAL - 2026-05-28 01:48:48 --> CodeIgniter\Filters\Exceptions\FilterException: "jwt,role" filter must have a matching alias defined.
[Method: GET, Route: usuarios/listar]
in SYSTEMPATH\Filters\Filters.php on line 590.
 1 SYSTEMPATH\Filters\Filters.php(590): CodeIgniter\Filters\Exceptions\FilterException::forNoAlias('jwt,role')
 2 SYSTEMPATH\Filters\Filters.php(641): CodeIgniter\Filters\Filters->enableFilter('jwt,role:PROPRIETARIO', 'before')
 3 SYSTEMPATH\CodeIgniter.php(453): CodeIgniter\Filters\Filters->enableFilters([...], 'before')
 4 SYSTEMPATH\CodeIgniter.php(340): CodeIgniter\CodeIgniter->handleRequest(null, Object(Config\Cache), false)
 5 SYSTEMPATH\Boot.php(417): CodeIgniter\CodeIgniter->run()
 6 SYSTEMPATH\Boot.php(68): CodeIgniter\Boot::runCodeIgniter(Object(CodeIgniter\CodeIgniter))
 7 FCPATH\index.php(59): CodeIgniter\Boot::bootWeb(Object(Config\Paths))
CRITICAL - 2026-05-28 01:52:53 --> CodeIgniter\Filters\Exceptions\FilterException: "jwt,role" filter must have a matching alias defined.
[Method: GET, Route: usuarios/listar]
in SYSTEMPATH\Filters\Filters.php on line 590.
 1 SYSTEMPATH\Filters\Filters.php(590): CodeIgniter\Filters\Exceptions\FilterException::forNoAlias('jwt,role')
 2 SYSTEMPATH\Filters\Filters.php(641): CodeIgniter\Filters\Filters->enableFilter('jwt,role:ADMINISTRADOR', 'before')
 3 SYSTEMPATH\CodeIgniter.php(453): CodeIgniter\Filters\Filters->enableFilters([...], 'before')
 4 SYSTEMPATH\CodeIgniter.php(340): CodeIgniter\CodeIgniter->handleRequest(null, Object(Config\Cache), false)
 5 SYSTEMPATH\Boot.php(417): CodeIgniter\CodeIgniter->run()
 6 SYSTEMPATH\Boot.php(68): CodeIgniter\Boot::runCodeIgniter(Object(CodeIgniter\CodeIgniter))
 7 FCPATH\index.php(59): CodeIgniter\Boot::bootWeb(Object(Config\Paths))
CRITICAL - 2026-05-28 01:52:54 --> CodeIgniter\Filters\Exceptions\FilterException: "jwt,role" filter must have a matching alias defined.
[Method: GET, Route: usuarios/listar]
in SYSTEMPATH\Filters\Filters.php on line 590.
 1 SYSTEMPATH\Filters\Filters.php(590): CodeIgniter\Filters\Exceptions\FilterException::forNoAlias('jwt,role')
 2 SYSTEMPATH\Filters\Filters.php(641): CodeIgniter\Filters\Filters->enableFilter('jwt,role:ADMINISTRADOR', 'before')
 3 SYSTEMPATH\CodeIgniter.php(453): CodeIgniter\Filters\Filters->enableFilters([...], 'before')
 4 SYSTEMPATH\CodeIgniter.php(340): CodeIgniter\CodeIgniter->handleRequest(null, Object(Config\Cache), false)
 5 SYSTEMPATH\Boot.php(417): CodeIgniter\CodeIgniter->run()
 6 SYSTEMPATH\Boot.php(68): CodeIgniter\Boot::runCodeIgniter(Object(CodeIgniter\CodeIgniter))
 7 FCPATH\index.php(59): CodeIgniter\Boot::bootWeb(Object(Config\Paths))
CRITICAL - 2026-05-28 01:52:55 --> CodeIgniter\Filters\Exceptions\FilterException: "jwt,role" filter must have a matching alias defined.
[Method: GET, Route: usuarios/listar]
in SYSTEMPATH\Filters\Filters.php on line 590.
 1 SYSTEMPATH\Filters\Filters.php(590): CodeIgniter\Filters\Exceptions\FilterException::forNoAlias('jwt,role')
 2 SYSTEMPATH\Filters\Filters.php(641): CodeIgniter\Filters\Filters->enableFilter('jwt,role:ADMINISTRADOR', 'before')
 3 SYSTEMPATH\CodeIgniter.php(453): CodeIgniter\Filters\Filters->enableFilters([...], 'before')
 4 SYSTEMPATH\CodeIgniter.php(340): CodeIgniter\CodeIgniter->handleRequest(null, Object(Config\Cache), false)
 5 SYSTEMPATH\Boot.php(417): CodeIgniter\CodeIgniter->run()
 6 SYSTEMPATH\Boot.php(68): CodeIgniter\Boot::runCodeIgniter(Object(CodeIgniter\CodeIgniter))
 7 FCPATH\index.php(59): CodeIgniter\Boot::bootWeb(Object(Config\Paths))
CRITICAL - 2026-05-28 01:53:33 --> CodeIgniter\Filters\Exceptions\FilterException: "jwt,role" filter must have a matching alias defined.
[Method: GET, Route: usuarios/listar]
in SYSTEMPATH\Filters\Filters.php on line 590.
 1 SYSTEMPATH\Filters\Filters.php(590): CodeIgniter\Filters\Exceptions\FilterException::forNoAlias('jwt,role')
 2 SYSTEMPATH\Filters\Filters.php(641): CodeIgniter\Filters\Filters->enableFilter('jwt,role:ADMINISTRADOR', 'before')
 3 SYSTEMPATH\CodeIgniter.php(453): CodeIgniter\Filters\Filters->enableFilters([...], 'before')
 4 SYSTEMPATH\CodeIgniter.php(340): CodeIgniter\CodeIgniter->handleRequest(null, Object(Config\Cache), false)
 5 SYSTEMPATH\Boot.php(417): CodeIgniter\CodeIgniter->run()
 6 SYSTEMPATH\Boot.php(68): CodeIgniter\Boot::runCodeIgniter(Object(CodeIgniter\CodeIgniter))
 7 FCPATH\index.php(59): CodeIgniter\Boot::bootWeb(Object(Config\Paths))
CRITICAL - 2026-05-28 01:53:34 --> CodeIgniter\Filters\Exceptions\FilterException: "jwt,role" filter must have a matching alias defined.
[Method: GET, Route: usuarios/listar]
in SYSTEMPATH\Filters\Filters.php on line 590.
 1 SYSTEMPATH\Filters\Filters.php(590): CodeIgniter\Filters\Exceptions\FilterException::forNoAlias('jwt,role')
 2 SYSTEMPATH\Filters\Filters.php(641): CodeIgniter\Filters\Filters->enableFilter('jwt,role:ADMINISTRADOR', 'before')
 3 SYSTEMPATH\CodeIgniter.php(453): CodeIgniter\Filters\Filters->enableFilters([...], 'before')
 4 SYSTEMPATH\CodeIgniter.php(340): CodeIgniter\CodeIgniter->handleRequest(null, Object(Config\Cache), false)
 5 SYSTEMPATH\Boot.php(417): CodeIgniter\CodeIgniter->run()
 6 SYSTEMPATH\Boot.php(68): CodeIgniter\Boot::runCodeIgniter(Object(CodeIgniter\CodeIgniter))
 7 FCPATH\index.php(59): CodeIgniter\Boot::bootWeb(Object(Config\Paths))
CRITICAL - 2026-05-28 01:53:39 --> CodeIgniter\Filters\Exceptions\FilterException: "jwt,role" filter must have a matching alias defined.
[Method: GET, Route: usuarios/listar]
in SYSTEMPATH\Filters\Filters.php on line 590.
 1 SYSTEMPATH\Filters\Filters.php(590): CodeIgniter\Filters\Exceptions\FilterException::forNoAlias('jwt,role')
 2 SYSTEMPATH\Filters\Filters.php(641): CodeIgniter\Filters\Filters->enableFilter('jwt,role:ADMINISTRADOR', 'before')
 3 SYSTEMPATH\CodeIgniter.php(453): CodeIgniter\Filters\Filters->enableFilters([...], 'before')
 4 SYSTEMPATH\CodeIgniter.php(340): CodeIgniter\CodeIgniter->handleRequest(null, Object(Config\Cache), false)
 5 SYSTEMPATH\Boot.php(417): CodeIgniter\CodeIgniter->run()
 6 SYSTEMPATH\Boot.php(68): CodeIgniter\Boot::runCodeIgniter(Object(CodeIgniter\CodeIgniter))
 7 FCPATH\index.php(59): CodeIgniter\Boot::bootWeb(Object(Config\Paths))
CRITICAL - 2026-05-28 01:53:40 --> CodeIgniter\Filters\Exceptions\FilterException: "jwt,role" filter must have a matching alias defined.
[Method: GET, Route: usuarios/listar]
in SYSTEMPATH\Filters\Filters.php on line 590.
 1 SYSTEMPATH\Filters\Filters.php(590): CodeIgniter\Filters\Exceptions\FilterException::forNoAlias('jwt,role')
 2 SYSTEMPATH\Filters\Filters.php(641): CodeIgniter\Filters\Filters->enableFilter('jwt,role:ADMINISTRADOR', 'before')
 3 SYSTEMPATH\CodeIgniter.php(453): CodeIgniter\Filters\Filters->enableFilters([...], 'before')
 4 SYSTEMPATH\CodeIgniter.php(340): CodeIgniter\CodeIgniter->handleRequest(null, Object(Config\Cache), false)
 5 SYSTEMPATH\Boot.php(417): CodeIgniter\CodeIgniter->run()
 6 SYSTEMPATH\Boot.php(68): CodeIgniter\Boot::runCodeIgniter(Object(CodeIgniter\CodeIgniter))
 7 FCPATH\index.php(59): CodeIgniter\Boot::bootWeb(Object(Config\Paths))
CRITICAL - 2026-05-28 01:53:41 --> CodeIgniter\Filters\Exceptions\FilterException: "jwt,role" filter must have a matching alias defined.
[Method: GET, Route: usuarios/listar]
in SYSTEMPATH\Filters\Filters.php on line 590.
 1 SYSTEMPATH\Filters\Filters.php(590): CodeIgniter\Filters\Exceptions\FilterException::forNoAlias('jwt,role')
 2 SYSTEMPATH\Filters\Filters.php(641): CodeIgniter\Filters\Filters->enableFilter('jwt,role:ADMINISTRADOR', 'before')
 3 SYSTEMPATH\CodeIgniter.php(453): CodeIgniter\Filters\Filters->enableFilters([...], 'before')
 4 SYSTEMPATH\CodeIgniter.php(340): CodeIgniter\CodeIgniter->handleRequest(null, Object(Config\Cache), false)
 5 SYSTEMPATH\Boot.php(417): CodeIgniter\CodeIgniter->run()
 6 SYSTEMPATH\Boot.php(68): CodeIgniter\Boot::runCodeIgniter(Object(CodeIgniter\CodeIgniter))
 7 FCPATH\index.php(59): CodeIgniter\Boot::bootWeb(Object(Config\Paths))
CRITICAL - 2026-05-28 01:53:41 --> CodeIgniter\Filters\Exceptions\FilterException: "jwt,role" filter must have a matching alias defined.
[Method: GET, Route: usuarios/listar]
in SYSTEMPATH\Filters\Filters.php on line 590.
 1 SYSTEMPATH\Filters\Filters.php(590): CodeIgniter\Filters\Exceptions\FilterException::forNoAlias('jwt,role')
 2 SYSTEMPATH\Filters\Filters.php(641): CodeIgniter\Filters\Filters->enableFilter('jwt,role:ADMINISTRADOR', 'before')
 3 SYSTEMPATH\CodeIgniter.php(453): CodeIgniter\Filters\Filters->enableFilters([...], 'before')
 4 SYSTEMPATH\CodeIgniter.php(340): CodeIgniter\CodeIgniter->handleRequest(null, Object(Config\Cache), false)
 5 SYSTEMPATH\Boot.php(417): CodeIgniter\CodeIgniter->run()
 6 SYSTEMPATH\Boot.php(68): CodeIgniter\Boot::runCodeIgniter(Object(CodeIgniter\CodeIgniter))
 7 FCPATH\index.php(59): CodeIgniter\Boot::bootWeb(Object(Config\Paths))
CRITICAL - 2026-05-28 01:53:42 --> CodeIgniter\Filters\Exceptions\FilterException: "jwt,role" filter must have a matching alias defined.
[Method: GET, Route: usuarios/listar]
in SYSTEMPATH\Filters\Filters.php on line 590.
 1 SYSTEMPATH\Filters\Filters.php(590): CodeIgniter\Filters\Exceptions\FilterException::forNoAlias('jwt,role')
 2 SYSTEMPATH\Filters\Filters.php(641): CodeIgniter\Filters\Filters->enableFilter('jwt,role:ADMINISTRADOR', 'before')
 3 SYSTEMPATH\CodeIgniter.php(453): CodeIgniter\Filters\Filters->enableFilters([...], 'before')
 4 SYSTEMPATH\CodeIgniter.php(340): CodeIgniter\CodeIgniter->handleRequest(null, Object(Config\Cache), false)
 5 SYSTEMPATH\Boot.php(417): CodeIgniter\CodeIgniter->run()
 6 SYSTEMPATH\Boot.php(68): CodeIgniter\Boot::runCodeIgniter(Object(CodeIgniter\CodeIgniter))
 7 FCPATH\index.php(59): CodeIgniter\Boot::bootWeb(Object(Config\Paths))
CRITICAL - 2026-05-28 01:54:29 --> CodeIgniter\Filters\Exceptions\FilterException: "jwt,role" filter must have a matching alias defined.
[Method: GET, Route: usuarios/listar]
in SYSTEMPATH\Filters\Filters.php on line 590.
 1 SYSTEMPATH\Filters\Filters.php(590): CodeIgniter\Filters\Exceptions\FilterException::forNoAlias('jwt,role')
 2 SYSTEMPATH\Filters\Filters.php(641): CodeIgniter\Filters\Filters->enableFilter('jwt,role:PROPRIETARIO', 'before')
 3 SYSTEMPATH\CodeIgniter.php(453): CodeIgniter\Filters\Filters->enableFilters([...], 'before')
 4 SYSTEMPATH\CodeIgniter.php(340): CodeIgniter\CodeIgniter->handleRequest(null, Object(Config\Cache), false)
 5 SYSTEMPATH\Boot.php(417): CodeIgniter\CodeIgniter->run()
 6 SYSTEMPATH\Boot.php(68): CodeIgniter\Boot::runCodeIgniter(Object(CodeIgniter\CodeIgniter))
 7 FCPATH\index.php(59): CodeIgniter\Boot::bootWeb(Object(Config\Paths))
CRITICAL - 2026-05-28 01:54:30 --> CodeIgniter\Filters\Exceptions\FilterException: "jwt,role" filter must have a matching alias defined.
[Method: GET, Route: usuarios/listar]
in SYSTEMPATH\Filters\Filters.php on line 590.
 1 SYSTEMPATH\Filters\Filters.php(590): CodeIgniter\Filters\Exceptions\FilterException::forNoAlias('jwt,role')
 2 SYSTEMPATH\Filters\Filters.php(641): CodeIgniter\Filters\Filters->enableFilter('jwt,role:PROPRIETARIO', 'before')
 3 SYSTEMPATH\CodeIgniter.php(453): CodeIgniter\Filters\Filters->enableFilters([...], 'before')
 4 SYSTEMPATH\CodeIgniter.php(340): CodeIgniter\CodeIgniter->handleRequest(null, Object(Config\Cache), false)
 5 SYSTEMPATH\Boot.php(417): CodeIgniter\CodeIgniter->run()
 6 SYSTEMPATH\Boot.php(68): CodeIgniter\Boot::runCodeIgniter(Object(CodeIgniter\CodeIgniter))
 7 FCPATH\index.php(59): CodeIgniter\Boot::bootWeb(Object(Config\Paths))
CRITICAL - 2026-05-28 01:54:41 --> CodeIgniter\Filters\Exceptions\FilterException: "jwt,role" filter must have a matching alias defined.
[Method: GET, Route: usuarios/listar]
in SYSTEMPATH\Filters\Filters.php on line 590.
 1 SYSTEMPATH\Filters\Filters.php(590): CodeIgniter\Filters\Exceptions\FilterException::forNoAlias('jwt,role')
 2 SYSTEMPATH\Filters\Filters.php(641): CodeIgniter\Filters\Filters->enableFilter('jwt,role:PROPRIETARIO', 'before')
 3 SYSTEMPATH\CodeIgniter.php(453): CodeIgniter\Filters\Filters->enableFilters([...], 'before')
 4 SYSTEMPATH\CodeIgniter.php(340): CodeIgniter\CodeIgniter->handleRequest(null, Object(Config\Cache), false)
 5 SYSTEMPATH\Boot.php(417): CodeIgniter\CodeIgniter->run()
 6 SYSTEMPATH\Boot.php(68): CodeIgniter\Boot::runCodeIgniter(Object(CodeIgniter\CodeIgniter))
 7 FCPATH\index.php(59): CodeIgniter\Boot::bootWeb(Object(Config\Paths))
CRITICAL - 2026-05-28 01:54:42 --> CodeIgniter\Filters\Exceptions\FilterException: "jwt,role" filter must have a matching alias defined.
[Method: GET, Route: usuarios/listar]
in SYSTEMPATH\Filters\Filters.php on line 590.
 1 SYSTEMPATH\Filters\Filters.php(590): CodeIgniter\Filters\Exceptions\FilterException::forNoAlias('jwt,role')
 2 SYSTEMPATH\Filters\Filters.php(641): CodeIgniter\Filters\Filters->enableFilter('jwt,role:PROPRIETARIO', 'before')
 3 SYSTEMPATH\CodeIgniter.php(453): CodeIgniter\Filters\Filters->enableFilters([...], 'before')
 4 SYSTEMPATH\CodeIgniter.php(340): CodeIgniter\CodeIgniter->handleRequest(null, Object(Config\Cache), false)
 5 SYSTEMPATH\Boot.php(417): CodeIgniter\CodeIgniter->run()
 6 SYSTEMPATH\Boot.php(68): CodeIgniter\Boot::runCodeIgniter(Object(CodeIgniter\CodeIgniter))
 7 FCPATH\index.php(59): CodeIgniter\Boot::bootWeb(Object(Config\Paths))
CRITICAL - 2026-05-28 01:54:42 --> CodeIgniter\Filters\Exceptions\FilterException: "jwt,role" filter must have a matching alias defined.
[Method: GET, Route: usuarios/listar]
in SYSTEMPATH\Filters\Filters.php on line 590.
 1 SYSTEMPATH\Filters\Filters.php(590): CodeIgniter\Filters\Exceptions\FilterException::forNoAlias('jwt,role')
 2 SYSTEMPATH\Filters\Filters.php(641): CodeIgniter\Filters\Filters->enableFilter('jwt,role:PROPRIETARIO', 'before')
 3 SYSTEMPATH\CodeIgniter.php(453): CodeIgniter\Filters\Filters->enableFilters([...], 'before')
 4 SYSTEMPATH\CodeIgniter.php(340): CodeIgniter\CodeIgniter->handleRequest(null, Object(Config\Cache), false)
 5 SYSTEMPATH\Boot.php(417): CodeIgniter\CodeIgniter->run()
 6 SYSTEMPATH\Boot.php(68): CodeIgniter\Boot::runCodeIgniter(Object(CodeIgniter\CodeIgniter))
 7 FCPATH\index.php(59): CodeIgniter\Boot::bootWeb(Object(Config\Paths))
CRITICAL - 2026-05-28 01:54:50 --> CodeIgniter\Filters\Exceptions\FilterException: "jwt,role" filter must have a matching alias defined.
[Method: GET, Route: usuarios/listar]
in SYSTEMPATH\Filters\Filters.php on line 590.
 1 SYSTEMPATH\Filters\Filters.php(590): CodeIgniter\Filters\Exceptions\FilterException::forNoAlias('jwt,role')
 2 SYSTEMPATH\Filters\Filters.php(641): CodeIgniter\Filters\Filters->enableFilter('jwt,role:PROPRIETARIO', 'before')
 3 SYSTEMPATH\CodeIgniter.php(453): CodeIgniter\Filters\Filters->enableFilters([...], 'before')
 4 SYSTEMPATH\CodeIgniter.php(340): CodeIgniter\CodeIgniter->handleRequest(null, Object(Config\Cache), false)
 5 SYSTEMPATH\Boot.php(417): CodeIgniter\CodeIgniter->run()
 6 SYSTEMPATH\Boot.php(68): CodeIgniter\Boot::runCodeIgniter(Object(CodeIgniter\CodeIgniter))
 7 FCPATH\index.php(59): CodeIgniter\Boot::bootWeb(Object(Config\Paths))
CRITICAL - 2026-05-28 01:54:51 --> CodeIgniter\Filters\Exceptions\FilterException: "jwt,role" filter must have a matching alias defined.
[Method: GET, Route: usuarios/listar]
in SYSTEMPATH\Filters\Filters.php on line 590.
 1 SYSTEMPATH\Filters\Filters.php(590): CodeIgniter\Filters\Exceptions\FilterException::forNoAlias('jwt,role')
 2 SYSTEMPATH\Filters\Filters.php(641): CodeIgniter\Filters\Filters->enableFilter('jwt,role:PROPRIETARIO', 'before')
 3 SYSTEMPATH\CodeIgniter.php(453): CodeIgniter\Filters\Filters->enableFilters([...], 'before')
 4 SYSTEMPATH\CodeIgniter.php(340): CodeIgniter\CodeIgniter->handleRequest(null, Object(Config\Cache), false)
 5 SYSTEMPATH\Boot.php(417): CodeIgniter\CodeIgniter->run()
 6 SYSTEMPATH\Boot.php(68): CodeIgniter\Boot::runCodeIgniter(Object(CodeIgniter\CodeIgniter))
 7 FCPATH\index.php(59): CodeIgniter\Boot::bootWeb(Object(Config\Paths))
CRITICAL - 2026-05-28 01:55:17 --> CodeIgniter\Filters\Exceptions\FilterException: "jwt,role" filter must have a matching alias defined.
[Method: GET, Route: usuarios/listar]
in SYSTEMPATH\Filters\Filters.php on line 590.
 1 SYSTEMPATH\Filters\Filters.php(590): CodeIgniter\Filters\Exceptions\FilterException::forNoAlias('jwt,role')
 2 SYSTEMPATH\Filters\Filters.php(641): CodeIgniter\Filters\Filters->enableFilter('jwt,role:PROPRIETARIO', 'before')
 3 SYSTEMPATH\CodeIgniter.php(453): CodeIgniter\Filters\Filters->enableFilters([...], 'before')
 4 SYSTEMPATH\CodeIgniter.php(340): CodeIgniter\CodeIgniter->handleRequest(null, Object(Config\Cache), false)
 5 SYSTEMPATH\Boot.php(417): CodeIgniter\CodeIgniter->run()
 6 SYSTEMPATH\Boot.php(68): CodeIgniter\Boot::runCodeIgniter(Object(CodeIgniter\CodeIgniter))
 7 FCPATH\index.php(59): CodeIgniter\Boot::bootWeb(Object(Config\Paths))
CRITICAL - 2026-05-28 01:55:18 --> CodeIgniter\Filters\Exceptions\FilterException: "jwt,role" filter must have a matching alias defined.
[Method: GET, Route: usuarios/listar]
in SYSTEMPATH\Filters\Filters.php on line 590.
 1 SYSTEMPATH\Filters\Filters.php(590): CodeIgniter\Filters\Exceptions\FilterException::forNoAlias('jwt,role')
 2 SYSTEMPATH\Filters\Filters.php(641): CodeIgniter\Filters\Filters->enableFilter('jwt,role:PROPRIETARIO', 'before')
 3 SYSTEMPATH\CodeIgniter.php(453): CodeIgniter\Filters\Filters->enableFilters([...], 'before')
 4 SYSTEMPATH\CodeIgniter.php(340): CodeIgniter\CodeIgniter->handleRequest(null, Object(Config\Cache), false)
 5 SYSTEMPATH\Boot.php(417): CodeIgniter\CodeIgniter->run()
 6 SYSTEMPATH\Boot.php(68): CodeIgniter\Boot::runCodeIgniter(Object(CodeIgniter\CodeIgniter))
 7 FCPATH\index.php(59): CodeIgniter\Boot::bootWeb(Object(Config\Paths))
CRITICAL - 2026-05-28 01:55:23 --> CodeIgniter\Filters\Exceptions\FilterException: "jwt,role" filter must have a matching alias defined.
[Method: GET, Route: usuarios/listar]
in SYSTEMPATH\Filters\Filters.php on line 590.
 1 SYSTEMPATH\Filters\Filters.php(590): CodeIgniter\Filters\Exceptions\FilterException::forNoAlias('jwt,role')
 2 SYSTEMPATH\Filters\Filters.php(641): CodeIgniter\Filters\Filters->enableFilter('jwt,role:PROPRIETARIO', 'before')
 3 SYSTEMPATH\CodeIgniter.php(453): CodeIgniter\Filters\Filters->enableFilters([...], 'before')
 4 SYSTEMPATH\CodeIgniter.php(340): CodeIgniter\CodeIgniter->handleRequest(null, Object(Config\Cache), false)
 5 SYSTEMPATH\Boot.php(417): CodeIgniter\CodeIgniter->run()
 6 SYSTEMPATH\Boot.php(68): CodeIgniter\Boot::runCodeIgniter(Object(CodeIgniter\CodeIgniter))
 7 FCPATH\index.php(59): CodeIgniter\Boot::bootWeb(Object(Config\Paths))
CRITICAL - 2026-05-28 01:55:23 --> CodeIgniter\Filters\Exceptions\FilterException: "jwt,role" filter must have a matching alias defined.
[Method: GET, Route: usuarios/listar]
in SYSTEMPATH\Filters\Filters.php on line 590.
 1 SYSTEMPATH\Filters\Filters.php(590): CodeIgniter\Filters\Exceptions\FilterException::forNoAlias('jwt,role')
 2 SYSTEMPATH\Filters\Filters.php(641): CodeIgniter\Filters\Filters->enableFilter('jwt,role:PROPRIETARIO', 'before')
 3 SYSTEMPATH\CodeIgniter.php(453): CodeIgniter\Filters\Filters->enableFilters([...], 'before')
 4 SYSTEMPATH\CodeIgniter.php(340): CodeIgniter\CodeIgniter->handleRequest(null, Object(Config\Cache), false)
 5 SYSTEMPATH\Boot.php(417): CodeIgniter\CodeIgniter->run()
 6 SYSTEMPATH\Boot.php(68): CodeIgniter\Boot::runCodeIgniter(Object(CodeIgniter\CodeIgniter))
 7 FCPATH\index.php(59): CodeIgniter\Boot::bootWeb(Object(Config\Paths))
CRITICAL - 2026-05-28 01:55:27 --> CodeIgniter\Filters\Exceptions\FilterException: "jwt,role" filter must have a matching alias defined.
[Method: GET, Route: usuarios/listar]
in SYSTEMPATH\Filters\Filters.php on line 590.
 1 SYSTEMPATH\Filters\Filters.php(590): CodeIgniter\Filters\Exceptions\FilterException::forNoAlias('jwt,role')
 2 SYSTEMPATH\Filters\Filters.php(641): CodeIgniter\Filters\Filters->enableFilter('jwt,role:PROPRIETARIO', 'before')
 3 SYSTEMPATH\CodeIgniter.php(453): CodeIgniter\Filters\Filters->enableFilters([...], 'before')
 4 SYSTEMPATH\CodeIgniter.php(340): CodeIgniter\CodeIgniter->handleRequest(null, Object(Config\Cache), false)
 5 SYSTEMPATH\Boot.php(417): CodeIgniter\CodeIgniter->run()
 6 SYSTEMPATH\Boot.php(68): CodeIgniter\Boot::runCodeIgniter(Object(CodeIgniter\CodeIgniter))
 7 FCPATH\index.php(59): CodeIgniter\Boot::bootWeb(Object(Config\Paths))
CRITICAL - 2026-05-28 01:56:40 --> CodeIgniter\Filters\Exceptions\FilterException: "jwt,role" filter must have a matching alias defined.
[Method: GET, Route: usuarios/listar]
in SYSTEMPATH\Filters\Filters.php on line 590.
 1 SYSTEMPATH\Filters\Filters.php(590): CodeIgniter\Filters\Exceptions\FilterException::forNoAlias('jwt,role')
 2 SYSTEMPATH\Filters\Filters.php(641): CodeIgniter\Filters\Filters->enableFilter('jwt,role:PROPRIETARIO', 'before')
 3 SYSTEMPATH\CodeIgniter.php(453): CodeIgniter\Filters\Filters->enableFilters([...], 'before')
 4 SYSTEMPATH\CodeIgniter.php(340): CodeIgniter\CodeIgniter->handleRequest(null, Object(Config\Cache), false)
 5 SYSTEMPATH\Boot.php(417): CodeIgniter\CodeIgniter->run()
 6 SYSTEMPATH\Boot.php(68): CodeIgniter\Boot::runCodeIgniter(Object(CodeIgniter\CodeIgniter))
 7 FCPATH\index.php(59): CodeIgniter\Boot::bootWeb(Object(Config\Paths))
CRITICAL - 2026-05-28 01:59:11 --> CodeIgniter\Filters\Exceptions\FilterException: "jwt,role" filter must have a matching alias defined.
[Method: GET, Route: usuarios/listar]
in SYSTEMPATH\Filters\Filters.php on line 590.
 1 SYSTEMPATH\Filters\Filters.php(590): CodeIgniter\Filters\Exceptions\FilterException::forNoAlias('jwt,role')
 2 SYSTEMPATH\Filters\Filters.php(641): CodeIgniter\Filters\Filters->enableFilter('jwt,role:PROPRIETARIO', 'before')
 3 SYSTEMPATH\CodeIgniter.php(453): CodeIgniter\Filters\Filters->enableFilters([...], 'before')
 4 SYSTEMPATH\CodeIgniter.php(340): CodeIgniter\CodeIgniter->handleRequest(null, Object(Config\Cache), false)
 5 SYSTEMPATH\Boot.php(417): CodeIgniter\CodeIgniter->run()
 6 SYSTEMPATH\Boot.php(68): CodeIgniter\Boot::runCodeIgniter(Object(CodeIgniter\CodeIgniter))
 7 FCPATH\index.php(59): CodeIgniter\Boot::bootWeb(Object(Config\Paths))
CRITICAL - 2026-05-28 01:59:12 --> CodeIgniter\Filters\Exceptions\FilterException: "jwt,role" filter must have a matching alias defined.
[Method: GET, Route: usuarios/listar]
in SYSTEMPATH\Filters\Filters.php on line 590.
 1 SYSTEMPATH\Filters\Filters.php(590): CodeIgniter\Filters\Exceptions\FilterException::forNoAlias('jwt,role')
 2 SYSTEMPATH\Filters\Filters.php(641): CodeIgniter\Filters\Filters->enableFilter('jwt,role:PROPRIETARIO', 'before')
 3 SYSTEMPATH\CodeIgniter.php(453): CodeIgniter\Filters\Filters->enableFilters([...], 'before')
 4 SYSTEMPATH\CodeIgniter.php(340): CodeIgniter\CodeIgniter->handleRequest(null, Object(Config\Cache), false)
 5 SYSTEMPATH\Boot.php(417): CodeIgniter\CodeIgniter->run()
 6 SYSTEMPATH\Boot.php(68): CodeIgniter\Boot::runCodeIgniter(Object(CodeIgniter\CodeIgniter))
 7 FCPATH\index.php(59): CodeIgniter\Boot::bootWeb(Object(Config\Paths))
CRITICAL - 2026-05-28 01:59:25 --> CodeIgniter\Filters\Exceptions\FilterException: "jwt,role" filter must have a matching alias defined.
[Method: GET, Route: usuarios/listar]
in SYSTEMPATH\Filters\Filters.php on line 590.
 1 SYSTEMPATH\Filters\Filters.php(590): CodeIgniter\Filters\Exceptions\FilterException::forNoAlias('jwt,role')
 2 SYSTEMPATH\Filters\Filters.php(641): CodeIgniter\Filters\Filters->enableFilter('jwt,role:PROPRIETARIO', 'before')
 3 SYSTEMPATH\CodeIgniter.php(453): CodeIgniter\Filters\Filters->enableFilters([...], 'before')
 4 SYSTEMPATH\CodeIgniter.php(340): CodeIgniter\CodeIgniter->handleRequest(null, Object(Config\Cache), false)
 5 SYSTEMPATH\Boot.php(417): CodeIgniter\CodeIgniter->run()
 6 SYSTEMPATH\Boot.php(68): CodeIgniter\Boot::runCodeIgniter(Object(CodeIgniter\CodeIgniter))
 7 FCPATH\index.php(59): CodeIgniter\Boot::bootWeb(Object(Config\Paths))
CRITICAL - 2026-05-28 01:59:25 --> CodeIgniter\Filters\Exceptions\FilterException: "jwt,role" filter must have a matching alias defined.
[Method: GET, Route: usuarios/listar]
in SYSTEMPATH\Filters\Filters.php on line 590.
 1 SYSTEMPATH\Filters\Filters.php(590): CodeIgniter\Filters\Exceptions\FilterException::forNoAlias('jwt,role')
 2 SYSTEMPATH\Filters\Filters.php(641): CodeIgniter\Filters\Filters->enableFilter('jwt,role:PROPRIETARIO', 'before')
 3 SYSTEMPATH\CodeIgniter.php(453): CodeIgniter\Filters\Filters->enableFilters([...], 'before')
 4 SYSTEMPATH\CodeIgniter.php(340): CodeIgniter\CodeIgniter->handleRequest(null, Object(Config\Cache), false)
 5 SYSTEMPATH\Boot.php(417): CodeIgniter\CodeIgniter->run()
 6 SYSTEMPATH\Boot.php(68): CodeIgniter\Boot::runCodeIgniter(Object(CodeIgniter\CodeIgniter))
 7 FCPATH\index.php(59): CodeIgniter\Boot::bootWeb(Object(Config\Paths))
CRITICAL - 2026-05-28 02:00:09 --> CodeIgniter\Filters\Exceptions\FilterException: "jwt,role" filter must have a matching alias defined.
[Method: GET, Route: usuarios/listar]
in SYSTEMPATH\Filters\Filters.php on line 590.
 1 SYSTEMPATH\Filters\Filters.php(590): CodeIgniter\Filters\Exceptions\FilterException::forNoAlias('jwt,role')
 2 SYSTEMPATH\Filters\Filters.php(641): CodeIgniter\Filters\Filters->enableFilter('jwt,role:PROPRIETARIO', 'before')
 3 SYSTEMPATH\CodeIgniter.php(453): CodeIgniter\Filters\Filters->enableFilters([...], 'before')
 4 SYSTEMPATH\CodeIgniter.php(340): CodeIgniter\CodeIgniter->handleRequest(null, Object(Config\Cache), false)
 5 SYSTEMPATH\Boot.php(417): CodeIgniter\CodeIgniter->run()
 6 SYSTEMPATH\Boot.php(68): CodeIgniter\Boot::runCodeIgniter(Object(CodeIgniter\CodeIgniter))
 7 FCPATH\index.php(59): CodeIgniter\Boot::bootWeb(Object(Config\Paths))
CRITICAL - 2026-05-28 02:00:10 --> CodeIgniter\Filters\Exceptions\FilterException: "jwt,role" filter must have a matching alias defined.
[Method: GET, Route: usuarios/listar]
in SYSTEMPATH\Filters\Filters.php on line 590.
 1 SYSTEMPATH\Filters\Filters.php(590): CodeIgniter\Filters\Exceptions\FilterException::forNoAlias('jwt,role')
 2 SYSTEMPATH\Filters\Filters.php(641): CodeIgniter\Filters\Filters->enableFilter('jwt,role:PROPRIETARIO', 'before')
 3 SYSTEMPATH\CodeIgniter.php(453): CodeIgniter\Filters\Filters->enableFilters([...], 'before')
 4 SYSTEMPATH\CodeIgniter.php(340): CodeIgniter\CodeIgniter->handleRequest(null, Object(Config\Cache), false)
 5 SYSTEMPATH\Boot.php(417): CodeIgniter\CodeIgniter->run()
 6 SYSTEMPATH\Boot.php(68): CodeIgniter\Boot::runCodeIgniter(Object(CodeIgniter\CodeIgniter))
 7 FCPATH\index.php(59): CodeIgniter\Boot::bootWeb(Object(Config\Paths))
CRITICAL - 2026-05-28 02:01:10 --> CodeIgniter\Filters\Exceptions\FilterException: "jwt,role" filter must have a matching alias defined.
[Method: GET, Route: usuarios/listar]
in SYSTEMPATH\Filters\Filters.php on line 590.
 1 SYSTEMPATH\Filters\Filters.php(590): CodeIgniter\Filters\Exceptions\FilterException::forNoAlias('jwt,role')
 2 SYSTEMPATH\Filters\Filters.php(641): CodeIgniter\Filters\Filters->enableFilter('jwt,role:PROPRIETARIO', 'before')
 3 SYSTEMPATH\CodeIgniter.php(453): CodeIgniter\Filters\Filters->enableFilters([...], 'before')
 4 SYSTEMPATH\CodeIgniter.php(340): CodeIgniter\CodeIgniter->handleRequest(null, Object(Config\Cache), false)
 5 SYSTEMPATH\Boot.php(417): CodeIgniter\CodeIgniter->run()
 6 SYSTEMPATH\Boot.php(68): CodeIgniter\Boot::runCodeIgniter(Object(CodeIgniter\CodeIgniter))
 7 FCPATH\index.php(59): CodeIgniter\Boot::bootWeb(Object(Config\Paths))
CRITICAL - 2026-05-28 02:01:12 --> CodeIgniter\Filters\Exceptions\FilterException: "jwt,role" filter must have a matching alias defined.
[Method: GET, Route: usuarios/listar]
in SYSTEMPATH\Filters\Filters.php on line 590.
 1 SYSTEMPATH\Filters\Filters.php(590): CodeIgniter\Filters\Exceptions\FilterException::forNoAlias('jwt,role')
 2 SYSTEMPATH\Filters\Filters.php(641): CodeIgniter\Filters\Filters->enableFilter('jwt,role:PROPRIETARIO', 'before')
 3 SYSTEMPATH\CodeIgniter.php(453): CodeIgniter\Filters\Filters->enableFilters([...], 'before')
 4 SYSTEMPATH\CodeIgniter.php(340): CodeIgniter\CodeIgniter->handleRequest(null, Object(Config\Cache), false)
 5 SYSTEMPATH\Boot.php(417): CodeIgniter\CodeIgniter->run()
 6 SYSTEMPATH\Boot.php(68): CodeIgniter\Boot::runCodeIgniter(Object(CodeIgniter\CodeIgniter))
 7 FCPATH\index.php(59): CodeIgniter\Boot::bootWeb(Object(Config\Paths))
CRITICAL - 2026-05-28 02:01:12 --> CodeIgniter\Filters\Exceptions\FilterException: "jwt,role" filter must have a matching alias defined.
[Method: GET, Route: usuarios/listar]
in SYSTEMPATH\Filters\Filters.php on line 590.
 1 SYSTEMPATH\Filters\Filters.php(590): CodeIgniter\Filters\Exceptions\FilterException::forNoAlias('jwt,role')
 2 SYSTEMPATH\Filters\Filters.php(641): CodeIgniter\Filters\Filters->enableFilter('jwt,role:PROPRIETARIO', 'before')
 3 SYSTEMPATH\CodeIgniter.php(453): CodeIgniter\Filters\Filters->enableFilters([...], 'before')
 4 SYSTEMPATH\CodeIgniter.php(340): CodeIgniter\CodeIgniter->handleRequest(null, Object(Config\Cache), false)
 5 SYSTEMPATH\Boot.php(417): CodeIgniter\CodeIgniter->run()
 6 SYSTEMPATH\Boot.php(68): CodeIgniter\Boot::runCodeIgniter(Object(CodeIgniter\CodeIgniter))
 7 FCPATH\index.php(59): CodeIgniter\Boot::bootWeb(Object(Config\Paths))
CRITICAL - 2026-05-28 02:02:10 --> CodeIgniter\Filters\Exceptions\FilterException: "jwt,role" filter must have a matching alias defined.
[Method: GET, Route: usuarios/listar]
in SYSTEMPATH\Filters\Filters.php on line 590.
 1 SYSTEMPATH\Filters\Filters.php(590): CodeIgniter\Filters\Exceptions\FilterException::forNoAlias('jwt,role')
 2 SYSTEMPATH\Filters\Filters.php(641): CodeIgniter\Filters\Filters->enableFilter('jwt,role:PROPRIETARIO', 'before')
 3 SYSTEMPATH\CodeIgniter.php(453): CodeIgniter\Filters\Filters->enableFilters([...], 'before')
 4 SYSTEMPATH\CodeIgniter.php(340): CodeIgniter\CodeIgniter->handleRequest(null, Object(Config\Cache), false)
 5 SYSTEMPATH\Boot.php(417): CodeIgniter\CodeIgniter->run()
 6 SYSTEMPATH\Boot.php(68): CodeIgniter\Boot::runCodeIgniter(Object(CodeIgniter\CodeIgniter))
 7 FCPATH\index.php(59): CodeIgniter\Boot::bootWeb(Object(Config\Paths))
CRITICAL - 2026-05-28 02:02:10 --> CodeIgniter\Filters\Exceptions\FilterException: "jwt,role" filter must have a matching alias defined.
[Method: GET, Route: usuarios/listar]
in SYSTEMPATH\Filters\Filters.php on line 590.
 1 SYSTEMPATH\Filters\Filters.php(590): CodeIgniter\Filters\Exceptions\FilterException::forNoAlias('jwt,role')
 2 SYSTEMPATH\Filters\Filters.php(641): CodeIgniter\Filters\Filters->enableFilter('jwt,role:PROPRIETARIO', 'before')
 3 SYSTEMPATH\CodeIgniter.php(453): CodeIgniter\Filters\Filters->enableFilters([...], 'before')
 4 SYSTEMPATH\CodeIgniter.php(340): CodeIgniter\CodeIgniter->handleRequest(null, Object(Config\Cache), false)
 5 SYSTEMPATH\Boot.php(417): CodeIgniter\CodeIgniter->run()
 6 SYSTEMPATH\Boot.php(68): CodeIgniter\Boot::runCodeIgniter(Object(CodeIgniter\CodeIgniter))
 7 FCPATH\index.php(59): CodeIgniter\Boot::bootWeb(Object(Config\Paths))
ERROR - 2026-05-28 02:11:51 --> Duplicate entry '357.385.770-19' for key 'funcionario.cpf_cnpj'
in SYSTEMPATH\Database\MySQLi\Connection.php on line 300.
 1 SYSTEMPATH\Database\MySQLi\Connection.php(300): mysqli->query('INSERT INTO `funcionario` (`primeiro_nome`, `cpf_cnpj`, `email`, `data_nascimento`, `telefone`, `senha`, `tipo_usuario`, `status`) VALUES (\'Ruzi Func\', \'357.385.770-19\', \'ruzi1@email.com\', \'1992-03-08\', \'975173587\', \'$2y$10$qKxF9vEzNSRvifzA2LmTxOiBW7cUOnTIv7seHwrrLtoLBvChZT79m\', \'FUNCIONARIO\', \'ATIVO\')', 0)
 2 SYSTEMPATH\Database\BaseConnection.php(910): CodeIgniter\Database\MySQLi\Connection->execute('INSERT INTO `funcionario` (`primeiro_nome`, `cpf_cnpj`, `email`, `data_nascimento`, `telefone`, `senha`, `tipo_usuario`, `status`) VALUES (\'Ruzi Func\', \'357.385.770-19\', \'ruzi1@email.com\', \'1992-03-08\', \'975173587\', \'$2y$10$qKxF9vEzNSRvifzA2LmTxOiBW7cUOnTIv7seHwrrLtoLBvChZT79m\', \'FUNCIONARIO\', \'ATIVO\')')
 3 SYSTEMPATH\Database\BaseConnection.php(827): CodeIgniter\Database\BaseConnection->simpleQuery('INSERT INTO `funcionario` (`primeiro_nome`, `cpf_cnpj`, `email`, `data_nascimento`, `telefone`, `senha`, `tipo_usuario`, `status`) VALUES (\'Ruzi Func\', \'357.385.770-19\', \'ruzi1@email.com\', \'1992-03-08\', \'975173587\', \'$2y$10$qKxF9vEzNSRvifzA2LmTxOiBW7cUOnTIv7seHwrrLtoLBvChZT79m\', \'FUNCIONARIO\', \'ATIVO\')')
 4 SYSTEMPATH\Database\BaseBuilder.php(2345): CodeIgniter\Database\BaseConnection->query('INSERT INTO `funcionario` (`primeiro_nome`, `cpf_cnpj`, `email`, `data_nascimento`, `telefone`, `senha`, `tipo_usuario`, `status`) VALUES (:primeiro_nome:, :cpf_cnpj:, :email:, :data_nascimento:, :telefone:, :senha:, :tipo_usuario:, :status:)', [...], false)
 5 SYSTEMPATH\Model.php(355): CodeIgniter\Database\BaseBuilder->insert()
 6 SYSTEMPATH\BaseModel.php(899): CodeIgniter\Model->doInsert([...])
 7 SYSTEMPATH\Model.php(668): CodeIgniter\BaseModel->insert([...], true)
 8 APPPATH\Models\UsuarioModel.php(27): CodeIgniter\Model->insert([...])
 9 APPPATH\Controllers\Usuarios.php(243): App\Models\UsuarioModel->inserir([...])
10 SYSTEMPATH\CodeIgniter.php(951): App\Controllers\Usuarios->inserir()
11 SYSTEMPATH\CodeIgniter.php(497): CodeIgniter\CodeIgniter->runController(Object(App\Controllers\Usuarios))
12 SYSTEMPATH\CodeIgniter.php(340): CodeIgniter\CodeIgniter->handleRequest(null, Object(Config\Cache), false)
13 SYSTEMPATH\Boot.php(417): CodeIgniter\CodeIgniter->run()
14 SYSTEMPATH\Boot.php(68): CodeIgniter\Boot::runCodeIgniter(Object(CodeIgniter\CodeIgniter))
15 FCPATH\index.php(59): CodeIgniter\Boot::bootWeb(Object(Config\Paths))
